menu_id,menu_name,cvs_name,type_1,menu_image
1,든든하계)반반닭갈비,gs25,도시락,http://gs25appimg.gsretail.com/imgsvr/item/GD_2700038842228_001.JPG
2,나트륨다운)햄참치마요,seveneleven,김밥/주먹밥,https://www.7-eleven.co.kr/upload/product/8809827/502177.1.jpg
3,핫)백종원크림핫도그,CU,샌드위치/햄버거,https://tqklhszfkvzk6518638.cdn.ntruss.com/product/8809383957053.jpg
4,고등급식)왕돈까스김밥,gs25,김밥/주먹밥,http://gs25appimg.gsretail.com/imgsvr/item/GD_2700038833875_001.jpg
5,면)백종원미트볼파스타,CU,도시락,https://tqklhszfkvzk6518638.cdn.ntruss.com/product/8801771024835.jpg
6,미니도시락)김치제육,gs25,도시락,http://gs25appimg.gsretail.com/imgsvr/item/GD_2700038842136_001.jpg
7,너비아니제육도시락,gs25,도시락,http://gs25appimg.gsretail.com/imgsvr/item/GD_2700038841771_001.jpg
8,돈까스오므라이스,gs25,도시락,http://gs25appimg.gsretail.com/imgsvr/item/GD_2700038841030_001.jpg
9,제주돼지)연탄향불고기1,gs25,도시락,http://gs25appimg.gsretail.com/imgsvr/item/GD_2700038840583_002.jpg
10,제주돼지)두루치기정식,gs25,도시락,http://gs25appimg.gsretail.com/imgsvr/item/GD_2700038840569_002.jpg
11,11가지찬많은도시락,gs25,도시락,http://gs25appimg.gsretail.com/imgsvr/item/GD_2700038840545_002.jpg
12,포(4)만치킨도시락,gs25,도시락,http://gs25appimg.gsretail.com/imgsvr/item/GD_2700038840286_002.jpg
13,뭘좋아할지몰라다넣었어1,gs25,도시락,http://gs25appimg.gsretail.com/imgsvr/item/GD_2700038840385_001.jpg
14,NEW고진많도시락,gs25,도시락,http://gs25appimg.gsretail.com/imgsvr/item/GD_2700038840361_001.jpg
15,NEW정성가득비빔밥,gs25,도시락,http://gs25appimg.gsretail.com/imgsvr/item/GD_2700038840347_002.jpg
16,NEW엄마의6찬,gs25,도시락,http://gs25appimg.gsretail.com/imgsvr/item/GD_2700038840323_001.jpg
17,목우촌)주부9단도시락,gs25,도시락,http://gs25appimg.gsretail.com/imgsvr/item/GD_2700038840309_001.jpg
18,함치까도시락,gs25,도시락,http://gs25appimg.gsretail.com/imgsvr/item/GD_2700038840262_001.jpg
19,정찬한판도시락,gs25,도시락,http://gs25appimg.gsretail.com/imgsvr/item/GD_2700038839105_002.jpg
20,편스)진또계란프라이짜장1,gs25,김밥/주먹밥,http://gs25appimg.gsretail.com/imgsvr/item/GD_2700038841948_002.jpg
21,편스)진또더맵싹갈비,gs25,김밥/주먹밥,http://gs25appimg.gsretail.com/imgsvr/item/GD_2700038841979_001.jpg
22,삼각)매콤참치,gs25,김밥/주먹밥,http://gs25appimg.gsretail.com/imgsvr/item/GD_2700038841863_001.jpg
23,베지가든)강된장비빔김밥1,gs25,김밥/주먹밥,http://gs25appimg.gsretail.com/imgsvr/item/GD_2700038841689_002.jpg
24,풀)제육쌈밥,gs25,김밥/주먹밥,http://gs25appimg.gsretail.com/imgsvr/item/GD_2700038841672_001.jpg
25,베지가든)강된장비빔,gs25,김밥/주먹밥,http://gs25appimg.gsretail.com/imgsvr/item/GD_2700038841641_001.jpg
26,얹먹)우엉김밥,gs25,김밥/주먹밥,http://gs25appimg.gsretail.com/imgsvr/item/GD_2700038841504_001.jpg
27,풀)돈까스매콤커리,gs25,김밥/주먹밥,http://gs25appimg.gsretail.com/imgsvr/item/GD_2700038841290_001.jpg
28,묵은지참치김밥,gs25,김밥/주먹밥,http://gs25appimg.gsretail.com/imgsvr/item/GD_2700038840804_001.jpg
29,처갓집)양념치킨김밥,gs25,김밥/주먹밥,http://gs25appimg.gsretail.com/imgsvr/item/GD_2700038839426_001.jpg
30,실속)삼겹왕김밥,gs25,김밥/주먹밥,http://gs25appimg.gsretail.com/imgsvr/item/GD_2700038838894_002.jpg
31,실속)정통왕김밥,gs25,김밥/주먹밥,http://gs25appimg.gsretail.com/imgsvr/item/GD_2700038838771_001.jpg
32,풀)떡갈비전주비빔,gs25,김밥/주먹밥,http://gs25appimg.gsretail.com/imgsvr/item/GD_2700038838511_001.jpg
33,풀)청양참치마요,gs25,김밥/주먹밥,http://gs25appimg.gsretail.com/imgsvr/item/GD_2700038838320_003.jpg
34,풀)베이컨참치마요,gs25,김밥/주먹밥,http://gs25appimg.gsretail.com/imgsvr/item/GD_2700038838306_003.jpg
35,풀)스팸김치볶음밥,gs25,김밥/주먹밥,http://gs25appimg.gsretail.com/imgsvr/item/GD_2700038838283_003.jpg
36,풀)전주비빔,gs25,김밥/주먹밥,http://gs25appimg.gsretail.com/imgsvr/item/GD_2700038838269_003.jpg
37,풀)참치마요,gs25,김밥/주먹밥,http://gs25appimg.gsretail.com/imgsvr/item/GD_2700038838245_003.jpg
38,베지가든)전주비빔,gs25,김밥/주먹밥,http://gs25appimg.gsretail.com/imgsvr/item/GD_2700038838122_001.jpg
39,커플)바싹불고기/amp;매콤제육,gs25,김밥/주먹밥,http://gs25appimg.gsretail.com/imgsvr/item/GD_2700038836975_002.jpg
40,NEW바싹불고기김밥,gs25,김밥/주먹밥,http://gs25appimg.gsretail.com/imgsvr/item/GD_2700038836920_002.jpg
41,기본김밥,gs25,김밥/주먹밥,http://gs25appimg.gsretail.com/imgsvr/item/GD_2700038836296_002.jpg
42,NEW제육쌈밥김밥,gs25,김밥/주먹밥,http://gs25appimg.gsretail.com/imgsvr/item/GD_2700038835947_005.jpg
43,매콤어묵듬뿍김밥,gs25,김밥/주먹밥,http://gs25appimg.gsretail.com/imgsvr/item/GD_2700038832816_004.jpg
44,치킨마요덮밥김밥,gs25,김밥/주먹밥,http://gs25appimg.gsretail.com/imgsvr/item/GD_2700038830249_002.jpg
45,스팸매일함)볶음김치김밥,gs25,김밥/주먹밥,http://gs25appimg.gsretail.com/imgsvr/item/GD_2700038829311_004.jpg
46,삼각)비빔참치,gs25,김밥/주먹밥,http://gs25appimg.gsretail.com/imgsvr/item/GD_2700038828253_003.jpg
47,커플)참치김치/amp;장조림버터,gs25,김밥/주먹밥,http://gs25appimg.gsretail.com/imgsvr/item/GD_2700038821094_001.jpg
48,삼각)스팸계란볶음밥,gs25,김밥/주먹밥,http://gs25appimg.gsretail.com/imgsvr/item/GD_2700038821070_002.jpg
49,소고기고추장김밥,gs25,김밥/주먹밥,http://gs25appimg.gsretail.com/imgsvr/item/GD_2700038820998_004.jpg
50,뉴참치햄샐러드김밥,gs25,김밥/주먹밥,http://gs25appimg.gsretail.com/imgsvr/item/GD_2700038820875_001.jpg
51,전주비빔김밥,gs25,김밥/주먹밥,http://gs25appimg.gsretail.com/imgsvr/item/GD_2700038820820_001.jpg
52,참치김치김밥,gs25,김밥/주먹밥,http://gs25appimg.gsretail.com/imgsvr/item/GD_2700038820745_001.jpg
53,참치마요김밥,gs25,김밥/주먹밥,http://gs25appimg.gsretail.com/imgsvr/item/GD_2700038817431_001.JPG
54,삼각)전주비빔,gs25,김밥/주먹밥,http://gs25appimg.gsretail.com/imgsvr/item/GD_2700038814591_002.jpg
55,삼각)참치마요,gs25,김밥/주먹밥,http://gs25appimg.gsretail.com/imgsvr/item/GD_2700038814560_004.jpg
56,삼각)스팸참치김치볶음밥,gs25,김밥/주먹밥,http://gs25appimg.gsretail.com/imgsvr/item/GD_2700038814515_002.jpg
57,허닭)에그닭가슴살샌드,gs25,샌드위치/햄버거,http://gs25appimg.gsretail.com/imgsvr/item/GD_8809842352221_001.jpg
58,시그니처)단호박에그샌드,gs25,샌드위치/햄버거,http://gs25appimg.gsretail.com/imgsvr/item/GD_2700038842174_001.jpg
59,바싹불고기핫도그,gs25,샌드위치/햄버거,http://gs25appimg.gsretail.com/imgsvr/item/GD_2700038842044_002.jpg
60,찐)오리지널비프버거,gs25,샌드위치/햄버거,http://gs25appimg.gsretail.com/imgsvr/item/GD_2700038841993_002.jpg
61,삼립)매콤불닭샌드위치,gs25,샌드위치/햄버거,http://gs25appimg.gsretail.com/imgsvr/item/GD_8801068406771_001.jpg
62,치엔바오)햄치즈샌드위치,gs25,샌드위치/햄버거,http://gs25appimg.gsretail.com/imgsvr/item/GD_8809722900009_001.JPG
63,베지가든)불고기버거,gs25,샌드위치/햄버거,http://gs25appimg.gsretail.com/imgsvr/item/GD_2700038841726_002.jpg
64,부쉬맨)햄치즈샌드,gs25,샌드위치/햄버거,http://gs25appimg.gsretail.com/imgsvr/item/GD_8809854110215_002.jpg
65,부쉬맨)포테이토샌드,gs25,샌드위치/햄버거,http://gs25appimg.gsretail.com/imgsvr/item/GD_8809854110185_001.jpg
66,허닭)흑임자닭가슴살샌드,gs25,샌드위치/햄버거,http://gs25appimg.gsretail.com/imgsvr/item/GD_8809842352214_001.jpg
67,내슈빌핫치킨샌드위치,gs25,샌드위치/햄버거,http://gs25appimg.gsretail.com/imgsvr/item/GD_2700038841559_002.jpg
68,치킨소시지랩,gs25,샌드위치/햄버거,http://gs25appimg.gsretail.com/imgsvr/item/GD_2700038841481_001.jpg
69,3단참치샐러드샌드위치,gs25,샌드위치/햄버거,http://gs25appimg.gsretail.com/imgsvr/item/GD_2700038841221_001.jpg
70,프레쉬)햄에그토마토샌드1,gs25,샌드위치/햄버거,http://gs25appimg.gsretail.com/imgsvr/item/GD_2700038841207_002.jpg
71,시그니처)아이돌인기샌드1,gs25,샌드위치/햄버거,http://gs25appimg.gsretail.com/imgsvr/item/GD_2700038841146_001.jpg
72,뚱드)햄치즈/amp;크랩샌드,gs25,샌드위치/햄버거,http://gs25appimg.gsretail.com/imgsvr/item/GD_2700038841245_001.jpg
73,뚱)포테이토에그/amp;햄야채1,gs25,샌드위치/햄버거,http://gs25appimg.gsretail.com/imgsvr/item/GD_2700038841177_001.jpg
74,프레쉬)아삭햄치즈샌드,gs25,샌드위치/햄버거,http://gs25appimg.gsretail.com/imgsvr/item/GD_2700038841115_002.jpg
75,시그니처)계란듬뿍샌드,gs25,샌드위치/햄버거,http://gs25appimg.gsretail.com/imgsvr/item/GD_2700038841092_002.jpg
76,편스)더블새우뚱드위치,gs25,샌드위치/햄버거,http://gs25appimg.gsretail.com/imgsvr/item/GD_2700038841016_002.jpg
77,삼립)피자슬라이더,gs25,샌드위치/햄버거,http://gs25appimg.gsretail.com/imgsvr/item/GD_8801068405118_001.jpg
78,햄치즈에그토스트,gs25,샌드위치/햄버거,http://gs25appimg.gsretail.com/imgsvr/item/GD_8801068404869_001.jpg
79,베이컨갈릭포테이토토스트,gs25,샌드위치/햄버거,http://gs25appimg.gsretail.com/imgsvr/item/GD_8801068404883_001.jpg
80,포테이토버거,gs25,샌드위치/햄버거,http://gs25appimg.gsretail.com/imgsvr/item/GD_8809655891092_001.jpg
81,매점왕)치즈벅,gs25,샌드위치/햄버거,http://gs25appimg.gsretail.com/imgsvr/item/GD_8809655891085_001.jpg
82,스팸콘치즈토스트,gs25,샌드위치/햄버거,http://gs25appimg.gsretail.com/imgsvr/item/GD_8809854110109_001.JPG
83,처갓집)양념치킨버거,gs25,샌드위치/햄버거,http://gs25appimg.gsretail.com/imgsvr/item/GD_2700038839402_001.jpg
84,빅)네슈빌핫치킨버거,gs25,샌드위치/햄버거,http://gs25appimg.gsretail.com/imgsvr/item/GD_2700038838566_002.jpg
85,빅)통다리살치킨버거,gs25,샌드위치/햄버거,http://gs25appimg.gsretail.com/imgsvr/item/GD_2700038838542_001.jpg
86,매점왕)불갈비벅,gs25,샌드위치/햄버거,http://gs25appimg.gsretail.com/imgsvr/item/GD_8809655891078_001.jpg
87,매점왕)돈갑내기,gs25,샌드위치/햄버거,http://gs25appimg.gsretail.com/imgsvr/item/GD_8809655891061_001.jpg
88,B.E.L.T샌드위치,gs25,샌드위치/햄버거,http://gs25appimg.gsretail.com/imgsvr/item/GD_2700038836043_004.jpg
89,스팸토스트,gs25,샌드위치/햄버거,http://gs25appimg.gsretail.com/imgsvr/item/GD_8809655890736_001.jpg
90,삼립)스파이시맥앤치즈버거,gs25,샌드위치/햄버거,http://gs25appimg.gsretail.com/imgsvr/item/GD_8801068399431_001.jpg
91,매점왕)치즈브레드버거,gs25,샌드위치/햄버거,http://gs25appimg.gsretail.com/imgsvr/item/GD_8809655890972_002.jpg
92,매점왕)내가맛스타버거,gs25,샌드위치/햄버거,http://gs25appimg.gsretail.com/imgsvr/item/GD_8809655890965_001.jpg
93,빅)소불고기버거,gs25,샌드위치/햄버거,http://gs25appimg.gsretail.com/imgsvr/item/GD_2700038830263_006.jpg
94,삼립)더블에그샐러드샌드위치,gs25,샌드위치/햄버거,http://gs25appimg.gsretail.com/imgsvr/item/GD_8801068390971_001.jpg
95,삼립)어니언스테이크치즈버거,gs25,샌드위치/햄버거,http://gs25appimg.gsretail.com/imgsvr/item/GD_8801068390995_001.jpg
96,삼립)NEW핫N스모키더블버거,gs25,샌드위치/햄버거,http://gs25appimg.gsretail.com/imgsvr/item/GD_8801068389326_001.jpg
97,NEW)데리버거,gs25,샌드위치/햄버거,http://gs25appimg.gsretail.com/imgsvr/item/GD_2700038825740_002.jpg
98,삼립)베이컨치즈에그샌드,gs25,샌드위치/햄버거,http://gs25appimg.gsretail.com/imgsvr/item/GD_8801068384451_001.jpg
99,NEW빅/amp;더블버거,gs25,샌드위치/햄버거,http://gs25appimg.gsretail.com/imgsvr/item/GD_2700038820318_002.jpg
100,통통한새우버거,gs25,샌드위치/햄버거,http://gs25appimg.gsretail.com/imgsvr/item/GD_2700038819343_001.jpg
101,NEW빅)치즈불고기버거,gs25,샌드위치/햄버거,http://gs25appimg.gsretail.com/imgsvr/item/GD_2700038817653_002.jpg
102,NEW빅)불고기버거,gs25,샌드위치/햄버거,http://gs25appimg.gsretail.com/imgsvr/item/GD_2700038817615_002.jpg
103,삼립)NEW스크램블/amp;소시지샌드,gs25,샌드위치/햄버거,http://gs25appimg.gsretail.com/imgsvr/item/GD_8801068371178_001.jpg
104,그린)한끼 부대볶음덮밥,seveneleven,도시락,https://www.7-eleven.co.kr/upload/product/8809827/502207.1.jpg
105,그린)한끼 경양식도시락,seveneleven,도시락,https://www.7-eleven.co.kr/upload/product/8809827/502146.1.jpg
106,예약)한끼 고추장불고기정식,seveneleven,도시락,https://www.7-eleven.co.kr/upload/product/8809827/502122.1.jpg
107,롯데)피카츄 오므라이스,seveneleven,도시락,https://www.7-eleven.co.kr/upload/product/8801118/428340.1.jpg
108,롯데)포켓몬 스파게티,seveneleven,도시락,https://www.7-eleven.co.kr/upload/product/8801118/428364.1.jpg
109,롯데)한끼 함박스테이크정식,seveneleven,도시락,https://www.7-eleven.co.kr/upload/product/8801118/428241.1.jpg
110,롯데)한끼2.0 소불고기한상,seveneleven,도시락,https://www.7-eleven.co.kr/upload/product/8801118/428074.1.jpg
111,그린)치킨콤보&amp;치즈볼도시락,seveneleven,도시락,https://www.7-eleven.co.kr/upload/product/8809827/502009.1.jpg
112,롯데)종가집 김치볶음밥,seveneleven,도시락,https://www.7-eleven.co.kr/upload/product/8801118/427800.1.jpg
113,예약)한끼연구소 간장불고기정식,seveneleven,도시락,https://www.7-eleven.co.kr/upload/product/8809827/501941.1.jpg
114,그린)제일맛집도시락(더건강한),seveneleven,도시락,https://www.7-eleven.co.kr/upload/product/8809827/501880.1.jpg
115,롯데)New수미네간장불고기,seveneleven,도시락,https://www.7-eleven.co.kr/upload/product/8801118/427312.1.jpg
116,롯데)도시락의정석 돼지불고기,seveneleven,도시락,https://www.7-eleven.co.kr/upload/product/8801118/427299.1.jpg
117,그린)New11겹등심돈까스,seveneleven,도시락,https://www.7-eleven.co.kr/upload/product/8809827/501729.1.jpg
118,롯데)New한끼11찬도시락,seveneleven,도시락,https://www.7-eleven.co.kr/upload/product/8801118/427275.1.jpg
119,그린)한끼 두부한상도시락6.0,seveneleven,도시락,https://www.7-eleven.co.kr/upload/product/8809827/501606.1.jpg
120,그린)제일맛집도시락,seveneleven,도시락,https://www.7-eleven.co.kr/upload/product/8809827/501378.1.jpg
121,롯데)한끼 7찬도시락,seveneleven,도시락,https://www.7-eleven.co.kr/upload/product/8801118/426629.1.jpg
122,롯데)NEW순살닭강정,seveneleven,도시락,https://www.7-eleven.co.kr/upload/product/8801118/426544.1.jpg
123,롯데)NEW김치제육덮밥,seveneleven,도시락,https://www.7-eleven.co.kr/upload/product/8801118/426322.1.jpg
124,롯데)NEW의성마늘햄쌈도시락,seveneleven,도시락,https://www.7-eleven.co.kr/upload/product/8801118/426285.1.jpg
125,롯데)한끼연구소 전주식비빔밥,seveneleven,도시락,https://www.7-eleven.co.kr/upload/product/8801118/426308.1.jpg
126,수미네)NEW밥먹자얘들아,seveneleven,도시락,https://www.7-eleven.co.kr/upload/product/8801118/426261.1.jpg
127,예약)한끼연구소 제육비빔밥,seveneleven,도시락,https://www.7-eleven.co.kr/upload/product/8801118/424311.1.jpg
128,예약)한끼연구소 훈제오리정식,seveneleven,도시락,https://www.7-eleven.co.kr/upload/product/8801118/424298.1.jpg
129,예약)한끼 바싹불고기정식,seveneleven,도시락,https://www.7-eleven.co.kr/upload/product/8801118/424274.1.jpg
130,예약)한끼연구소 유부초밥,seveneleven,도시락,https://www.7-eleven.co.kr/upload/product/8809121/134104.1.jpg
131,예약)한끼연구소 낙지볶음정식,seveneleven,도시락,https://www.7-eleven.co.kr/upload/product/8801118/424175.1.jpg
132,롯데)한끼연구소 바싹불고기,seveneleven,도시락,https://www.7-eleven.co.kr/upload/product/8801118/423956.1.jpg
133,수미네)오늘도시락_낙지&amp;제육,seveneleven,도시락,https://www.7-eleven.co.kr/upload/product/8801118/422980.1.jpg
134,수미네)오늘도시락_오리&amp;돈불,seveneleven,도시락,https://www.7-eleven.co.kr/upload/product/8801118/422966.1.jpg
135,수미네)오늘도시락_두부&amp;맥적,seveneleven,도시락,https://www.7-eleven.co.kr/upload/product/8801118/422942.1.jpg
136,나트륨다운)통햄볶음밥삼각,seveneleven,김밥/주먹밥,https://www.7-eleven.co.kr/upload/product/8809827/502153.1.jpg
137,영진)참치마요햄말이주먹밥,seveneleven,김밥/주먹밥,https://www.7-eleven.co.kr/upload/product/8809705/475609.1.jpg
138,그린)스팸김치볶음김밥,seveneleven,김밥/주먹밥,https://www.7-eleven.co.kr/upload/product/8809827/502030.1.jpg
139,롯데)더꽉찬폭풍햄&amp;치즈김밥,seveneleven,김밥/주먹밥,https://www.7-eleven.co.kr/upload/product/8801118/428371.1.jpg
140,롯데)더꽉찬불고기&amp;참치김밥,seveneleven,김밥/주먹밥,https://www.7-eleven.co.kr/upload/product/8801118/428265.1.jpg
141,롯데)더꽉찬직화불고기김밥,seveneleven,김밥/주먹밥,https://www.7-eleven.co.kr/upload/product/8801118/428289.1.jpg
142,롯데)햄야채김밥,seveneleven,김밥/주먹밥,https://www.7-eleven.co.kr/upload/product/8801118/428173.1.jpg
143,그린)NEW참치김치볶음밥삼각,seveneleven,김밥/주먹밥,https://www.7-eleven.co.kr/upload/product/8809827/502078.1.jpg
144,그린)NEW스팸김치볶음밥삼각,seveneleven,김밥/주먹밥,https://www.7-eleven.co.kr/upload/product/8809827/502054.1.jpg
145,롯데)정통유부초밥 정식,seveneleven,김밥/주먹밥,https://www.7-eleven.co.kr/upload/product/8801118/427879.1.jpg
146,롯데)더커진유부참치마요삼각,seveneleven,김밥/주먹밥,https://www.7-eleven.co.kr/upload/product/8801118/427824.1.jpg
147,롯데)종가집참치김치김밥,seveneleven,김밥/주먹밥,https://www.7-eleven.co.kr/upload/product/8801118/427787.1.jpg
148,롯데)더커진햄쌈김치볶음밥,seveneleven,김밥/주먹밥,https://www.7-eleven.co.kr/upload/product/8801118/427763.1.jpg
149,롯데)더커진비빔참치삼각김밥,seveneleven,김밥/주먹밥,https://www.7-eleven.co.kr/upload/product/8801118/427725.1.jpg
150,롯데)더커진참치마요삼각김밥,seveneleven,김밥/주먹밥,https://www.7-eleven.co.kr/upload/product/8801118/427749.1.jpg
151,롯데)토핑유부초밥_참치계란기본,seveneleven,김밥/주먹밥,https://www.7-eleven.co.kr/upload/product/8801118/427602.1.jpg
152,롯데)직화돼지갈비&amp;고추장불고기,seveneleven,김밥/주먹밥,https://www.7-eleven.co.kr/upload/product/8801118/427190.1.jpg
153,그린)햄참치마요&amp;참치김치,seveneleven,김밥/주먹밥,https://www.7-eleven.co.kr/upload/product/8809827/501699.1.jpg
154,롯데)청양참치마요네즈삼각,seveneleven,김밥/주먹밥,https://www.7-eleven.co.kr/upload/product/8801118/426827.1.jpg
155,롯데)NEW직화돼지갈비삼각김밥,seveneleven,김밥/주먹밥,https://www.7-eleven.co.kr/upload/product/8801118/426070.1.jpg
156,그린)NEW숯불바베큐불고기김밥,seveneleven,김밥/주먹밥,https://www.7-eleven.co.kr/upload/product/8809827/501071.1.jpg
157,그린)NEW스팸마요계란김밥,seveneleven,김밥/주먹밥,https://www.7-eleven.co.kr/upload/product/8809827/501040.1.jpg
158,롯데)NEW직화불고기김밥,seveneleven,김밥/주먹밥,https://www.7-eleven.co.kr/upload/product/8801118/426469.1.jpg
159,롯데)NEW참치김밥,seveneleven,김밥/주먹밥,https://www.7-eleven.co.kr/upload/product/8801118/426384.1.jpg
160,롯데)NEW매콤제육김밥,seveneleven,김밥/주먹밥,https://www.7-eleven.co.kr/upload/product/8801118/426407.1.jpg
161,그린)NEW햄참치마요네즈삼각,seveneleven,김밥/주먹밥,https://www.7-eleven.co.kr/upload/product/8809827/501026.1.jpg
162,그린)NEW참치김치볶음밥삼각,seveneleven,김밥/주먹밥,https://www.7-eleven.co.kr/upload/product/8809827/500968.1.jpg
163,롯데)NEW베이컨김치볶음밥삼각,seveneleven,김밥/주먹밥,https://www.7-eleven.co.kr/upload/product/8801118/426346.1.jpg
164,그린)더꽉찬돈까스김밥,seveneleven,김밥/주먹밥,https://www.7-eleven.co.kr/upload/product/8809827/500432.1.jpg
165,그린)더꽉찬참치김밥,seveneleven,김밥/주먹밥,https://www.7-eleven.co.kr/upload/product/8809827/500296.1.jpg
166,그린)NEW숯불갈비맛삼각김밥,seveneleven,김밥/주먹밥,https://www.7-eleven.co.kr/upload/product/8809827/500043.1.jpg
167,롯데)NEW롱참치샐러드김밥,seveneleven,김밥/주먹밥,https://www.7-eleven.co.kr/upload/product/8801118/424960.1.jpg
168,롯데)NEW참치김치김밥,seveneleven,김밥/주먹밥,https://www.7-eleven.co.kr/upload/product/8801118/424922.1.jpg
169,그린)NEW스팸마요계란삼각,seveneleven,김밥/주먹밥,https://www.7-eleven.co.kr/upload/product/8809369/429802.1.jpg
170,롯데)NEW비빔참치마요삼각,seveneleven,김밥/주먹밥,https://www.7-eleven.co.kr/upload/product/8801118/425028.1.jpg
171,롯데)NEW전주비빔삼각,seveneleven,김밥/주먹밥,https://www.7-eleven.co.kr/upload/product/8801118/425066.1.jpg
172,롯데)불고기&amp;참치김밥,seveneleven,김밥/주먹밥,https://www.7-eleven.co.kr/upload/product/8801118/424687.1.jpg
173,롯데)고추참치김밥,seveneleven,김밥/주먹밥,https://www.7-eleven.co.kr/upload/product/8801118/424113.1.jpg
174,롯데)New모둠초밥정식,seveneleven,김밥/주먹밥,https://www.7-eleven.co.kr/upload/product/8801118/423468.1.jpg
175,롯데)전주비빔김밥,seveneleven,김밥/주먹밥,https://www.7-eleven.co.kr/upload/product/8801118/421389.1.jpg
176,롯데)더커진전주비빔삼각김밥,seveneleven,김밥/주먹밥,https://www.7-eleven.co.kr/upload/product/8801118/420566.1.jpg
177,롯데)의성마늘프랑크김밥,seveneleven,김밥/주먹밥,https://www.7-eleven.co.kr/upload/product/8801118/417108.1.jpg
178,롯데)소고기고추장삼각김밥,seveneleven,김밥/주먹밥,https://www.7-eleven.co.kr/upload/product/8801118/413322.1.jpg
179,그린)참치에그샐러드샌드,seveneleven,샌드위치/햄버거,https://www.7-eleven.co.kr/upload/product/8809827/502238.1.jpg
180,영진)햄듬뿍치즈샌드,seveneleven,샌드위치/햄버거,https://www.7-eleven.co.kr/upload/product/8809705/475647.1.jpg
181,롯데)통베이컨스테이크버거,seveneleven,샌드위치/햄버거,https://www.7-eleven.co.kr/upload/product/8801118/427992.1.jpg
182,삼립)치즈구마버거,seveneleven,샌드위치/햄버거,https://www.7-eleven.co.kr/upload/product/8801068/406610.1.jpg
183,롯데)치즈듬뿍토스트샌드,seveneleven,샌드위치/햄버거,https://www.7-eleven.co.kr/upload/product/8801118/428159.1.jpg
184,삼립)핫썸머크랩스테이크버거,seveneleven,샌드위치/햄버거,https://www.7-eleven.co.kr/upload/product/8801068/406160.1.jpg
185,롯데)햄치즈에그토스트샌드,seveneleven,샌드위치/햄버거,https://www.7-eleven.co.kr/upload/product/8801118/428098.1.jpg
186,롯데)골드핫후라이드치킨버거,seveneleven,샌드위치/햄버거,https://www.7-eleven.co.kr/upload/product/8801118/427893.1.jpg
187,삼립)베이컨포테이토샌드,seveneleven,샌드위치/햄버거,https://www.7-eleven.co.kr/upload/product/8801068/405378.1.jpg
188,삼립)스파이시더블치킨샌드,seveneleven,샌드위치/햄버거,https://www.7-eleven.co.kr/upload/product/8801068/403794.1.jpg
189,그린)통통새우버거3.0,seveneleven,샌드위치/햄버거,https://www.7-eleven.co.kr/upload/product/8809827/501835.1.jpg
190,롯데)햄치즈에그킹토스트,seveneleven,샌드위치/햄버거,https://www.7-eleven.co.kr/upload/product/8801118/427466.1.jpg
191,그린)허니갈릭에그샌드,seveneleven,샌드위치/햄버거,https://www.7-eleven.co.kr/upload/product/8809827/501552.1.jpg
192,롯데)리얼촉촉햄&amp;에그샌드,seveneleven,샌드위치/햄버거,https://www.7-eleven.co.kr/upload/product/8801118/426988.1.jpg
193,롯데)와규함박스테이크버거2.0,seveneleven,샌드위치/햄버거,https://www.7-eleven.co.kr/upload/product/8801118/426964.1.jpg
194,롯데)골드후라이드치킨버거,seveneleven,샌드위치/햄버거,https://www.7-eleven.co.kr/upload/product/8801118/426643.1.jpg
195,그린)NEW더커진더블빅불고기,seveneleven,샌드위치/햄버거,https://www.7-eleven.co.kr/upload/product/8809827/501170.1.jpg
196,그린)NEW숯불갈비맛버거,seveneleven,샌드위치/햄버거,https://www.7-eleven.co.kr/upload/product/8809827/501156.1.jpg
197,그린)NEW더블디럭스버거,seveneleven,샌드위치/햄버거,https://www.7-eleven.co.kr/upload/product/8809827/501132.1.jpg
198,롯데)NEW더블치즈불고기버거,seveneleven,샌드위치/햄버거,https://www.7-eleven.co.kr/upload/product/8801118/426506.1.jpg
199,롯데)NEW케이준치킨&amp;햄샌드,seveneleven,샌드위치/햄버거,https://www.7-eleven.co.kr/upload/product/8801118/424700.1.jpg
200,롯데)NEW햄참치샐러드샌드,seveneleven,샌드위치/햄버거,https://www.7-eleven.co.kr/upload/product/8801118/424724.1.jpg
201,롯데)참치인가샌드위치,seveneleven,샌드위치/햄버거,https://www.7-eleven.co.kr/upload/product/8801118/424595.1.jpg
202,삼립)더블불고기포테이토버거,seveneleven,샌드위치/햄버거,https://www.7-eleven.co.kr/upload/product/8801068/393385.1.jpg
203,롯데)NEW맛있는햄치즈에그샌드,seveneleven,샌드위치/햄버거,https://www.7-eleven.co.kr/upload/product/8801118/423758.1.jpg
204,도)불고기된장한상차림,CU,도시락,https://tqklhszfkvzk6518638.cdn.ntruss.com/product/8809196616857.jpg
205,도)정통카레한상차림,CU,도시락,https://tqklhszfkvzk6518638.cdn.ntruss.com/product/8809453266757.jpg
206,도)백종원더블까스정식,CU,도시락,https://tqklhszfkvzk6518638.cdn.ntruss.com/product/8809453266597.jpg
207,도)야키토리묵스페셜,CU,도시락,https://tqklhszfkvzk6518638.cdn.ntruss.com/product/8809802265905.jpg
208,도)정육면체깨부수밥,CU,도시락,https://tqklhszfkvzk6518638.cdn.ntruss.com/product/8809196616819.jpg
209,도)자이언트간장불고기,CU,도시락,https://tqklhszfkvzk6518638.cdn.ntruss.com/product/8809196616680.jpg
210,도)자이언트매콤불고기,CU,도시락,https://tqklhszfkvzk6518638.cdn.ntruss.com/product/8801771025009.jpg
211,도)이금기삼겹구이정식,CU,도시락,https://tqklhszfkvzk6518638.cdn.ntruss.com/product/8801771025191.jpg
212,도)한국의집소갈비한상,CU,도시락,https://tqklhszfkvzk6518638.cdn.ntruss.com/product/8809196616772.jpg
213,샐)탄단지참깨소불고기볼,CU,도시락,https://tqklhszfkvzk6518638.cdn.ntruss.com/product/8801068406474.jpg
214,도)한국의집소고기골동반,CU,도시락,https://tqklhszfkvzk6518638.cdn.ntruss.com/product/8801771025139.jpg
215,샐)탄단지닭가슴살바베큐,CU,도시락,https://tqklhszfkvzk6518638.cdn.ntruss.com/product/8801068406498.jpg
216,도구리)비빔만두,CU,도시락,https://tqklhszfkvzk6518638.cdn.ntruss.com/product/8809453266474.jpg
217,도)모두의급식소불고기,CU,도시락,https://tqklhszfkvzk6518638.cdn.ntruss.com/product/8809196616697.jpg
218,샐)탄단지고구마에그볼,CU,도시락,https://tqklhszfkvzk6518638.cdn.ntruss.com/product/8801068406504.jpg
219,면)백종원베이컨파스타,CU,도시락,https://tqklhszfkvzk6518638.cdn.ntruss.com/product/8809196616611.jpg
220,도)올바른급식등심돈까스,CU,도시락,https://tqklhszfkvzk6518638.cdn.ntruss.com/product/8801771024873.jpg
221,도)백종원모둠안주,CU,도시락,https://tqklhszfkvzk6518638.cdn.ntruss.com/product/8801771024910.jpg
222,도)돈불고기비빔밥,CU,도시락,https://tqklhszfkvzk6518638.cdn.ntruss.com/product/8809196616574.jpg
223,도)백종원고기2배정식,CU,도시락,https://tqklhszfkvzk6518638.cdn.ntruss.com/product/8809802265479.jpg
224,도)직화고추장삼겹정식,CU,도시락,https://tqklhszfkvzk6518638.cdn.ntruss.com/product/8809196616536.jpg
225,샐)모짜바베큐미니샐러드,CU,도시락,https://tqklhszfkvzk6518638.cdn.ntruss.com/product/8801068406016.jpg
226,샐)모짜닭가슴미니샐러드,CU,도시락,https://tqklhszfkvzk6518638.cdn.ntruss.com/product/8801068406009.jpg
227,도)자이언트깐풍강정,CU,도시락,https://tqklhszfkvzk6518638.cdn.ntruss.com/product/8809453266313.jpg
228,도)반반직화불고기정식,CU,도시락,https://tqklhszfkvzk6518638.cdn.ntruss.com/product/8809453266351.jpg
229,도)반반치불정식,CU,도시락,https://tqklhszfkvzk6518638.cdn.ntruss.com/product/8801771024750.jpg
230,샐)허닭요거치킨,CU,도시락,https://tqklhszfkvzk6518638.cdn.ntruss.com/product/8809810166485.jpg
231,샐)허닭훈제치킨바질,CU,도시락,https://tqklhszfkvzk6518638.cdn.ntruss.com/product/8809810166478.jpg
232,도)복분자너비아니반상,CU,도시락,https://tqklhszfkvzk6518638.cdn.ntruss.com/product/8801771024637.jpg
233,샐)허닭케이준치킨랜치,CU,도시락,https://tqklhszfkvzk6518638.cdn.ntruss.com/product/8809810166461.jpg
234,도)매실불고기정식,CU,도시락,https://tqklhszfkvzk6518638.cdn.ntruss.com/product/8809802265271.jpg
235,면)청양초불고기곤약면,CU,도시락,https://tqklhszfkvzk6518638.cdn.ntruss.com/product/8809148599368.jpg
236,도)백종원더블닭갈비정식,CU,도시락,https://tqklhszfkvzk6518638.cdn.ntruss.com/product/8809196616413.jpg
237,면)초계곤약면,CU,도시락,https://tqklhszfkvzk6518638.cdn.ntruss.com/product/8809148599351.jpg
238,도)윤봉길한우불고기반상,CU,도시락,https://tqklhszfkvzk6518638.cdn.ntruss.com/product/8801771024316.jpg
239,도)백종원소시지김치덮밥,CU,도시락,https://tqklhszfkvzk6518638.cdn.ntruss.com/product/8801771024279.jpg
240,샐)탄단지훈제목살,CU,도시락,https://tqklhszfkvzk6518638.cdn.ntruss.com/product/8801068402865.jpg
241,도)모두의급식김치삼겹,CU,도시락,https://tqklhszfkvzk6518638.cdn.ntruss.com/product/8801771024194.jpg
242,NCT)HOT양념치킨,CU,도시락,https://tqklhszfkvzk6518638.cdn.ntruss.com/product/8809196616291.jpg
243,샐)탄단지치킨텐더,CU,도시락,https://tqklhszfkvzk6518638.cdn.ntruss.com/product/8801068402858.jpg
244,햄)리얼더블슈림프버거,CU,샌드위치/햄버거,https://tqklhszfkvzk6518638.cdn.ntruss.com/product/8801771025054.jpg
245,햄)리얼비프더블치즈버거,CU,샌드위치/햄버거,https://tqklhszfkvzk6518638.cdn.ntruss.com/product/8809453266559.jpg
246,햄)백종원더블버거,CU,샌드위치/햄버거,https://tqklhszfkvzk6518638.cdn.ntruss.com/product/8809802265943.jpg
247,샌)야키토리묵츠쿠네샌드,CU,샌드위치/햄버거,https://tqklhszfkvzk6518638.cdn.ntruss.com/product/8809196616734.png
248,샌)잠봉살라미햄샌드,CU,샌드위치/햄버거,https://tqklhszfkvzk6518638.cdn.ntruss.com/product/8809895799936.jpg
249,샌)카프레제모타델라샌드,CU,샌드위치/햄버거,https://tqklhszfkvzk6518638.cdn.ntruss.com/product/8809895799967.jpg
250,도구리)모닝샌드,CU,샌드위치/햄버거,https://tqklhszfkvzk6518638.cdn.ntruss.com/product/8809895799998.jpg
251,도구리)딥치즈핫도그,CU,샌드위치/햄버거,https://tqklhszfkvzk6518638.cdn.ntruss.com/product/8809692953524.jpg
252,샌)햄감자샐러드샌드,CU,샌드위치/햄버거,https://tqklhszfkvzk6518638.cdn.ntruss.com/product/8809802265691.jpg
253,햄)미트볼칠리치즈버거,CU,샌드위치/햄버거,https://tqklhszfkvzk6518638.cdn.ntruss.com/product/8809692953371.jpg
254,햄)빅페퍼직화불고기버거,CU,샌드위치/햄버거,https://tqklhszfkvzk6518638.cdn.ntruss.com/product/8801068405811.jpg
255,핫)백종원파스타핫도그,CU,샌드위치/햄버거,https://tqklhszfkvzk6518638.cdn.ntruss.com/product/8801771024798.jpg
256,샌)직화불고기샌드,CU,샌드위치/햄버거,https://tqklhszfkvzk6518638.cdn.ntruss.com/product/8801068405859.jpg
257,햄)빅모짜직화불고기버거,CU,샌드위치/햄버거,https://tqklhszfkvzk6518638.cdn.ntruss.com/product/8801068405835.jpg
258,햄)빅올바른통등심돈까스,CU,샌드위치/햄버거,https://tqklhszfkvzk6518638.cdn.ntruss.com/product/8809692953487.jpg
259,햄)빅올바른매콤돈까스,CU,샌드위치/햄버거,https://tqklhszfkvzk6518638.cdn.ntruss.com/product/8809383956858.jpg
260,샌)크래프트한라봉샌드,CU,샌드위치/햄버거,https://tqklhszfkvzk6518638.cdn.ntruss.com/product/8801068405323.jpg
261,햄)단짠갈릭스테이크버거,CU,샌드위치/햄버거,https://tqklhszfkvzk6518638.cdn.ntruss.com/product/8801068405347.jpg
262,햄)복분자떡갈비버거,CU,샌드위치/햄버거,https://tqklhszfkvzk6518638.cdn.ntruss.com/product/8809692953418.jpg
263,샌)고창복분자너비아니,CU,샌드위치/햄버거,https://tqklhszfkvzk6518638.cdn.ntruss.com/product/8809140576732.jpg
264,샌)통밀칠리치킨샌드,CU,샌드위치/햄버거,https://tqklhszfkvzk6518638.cdn.ntruss.com/product/8809140570105.jpg
265,햄)빅매실너비아니버거,CU,샌드위치/햄버거,https://tqklhszfkvzk6518638.cdn.ntruss.com/product/8809692953333.jpg
266,핫)싱가폴칠리크랩핫도그,CU,샌드위치/햄버거,https://tqklhszfkvzk6518638.cdn.ntruss.com/product/8809692953289.jpg
267,햄)치치버거,CU,샌드위치/햄버거,https://tqklhszfkvzk6518638.cdn.ntruss.com/product/8801068404999.jpg
268,샌)치치두툼샌드위치,CU,샌드위치/햄버거,https://tqklhszfkvzk6518638.cdn.ntruss.com/product/8801068404975.jpg
269,햄)햄에그모닝머핀,CU,샌드위치/햄버거,https://tqklhszfkvzk6518638.cdn.ntruss.com/product/8809383956735.jpg
270,햄)햄토마토모닝머핀,CU,샌드위치/햄버거,https://tqklhszfkvzk6518638.cdn.ntruss.com/product/8809692953319.jpg
271,햄)치킨치즈모닝머핀,CU,샌드위치/햄버거,https://tqklhszfkvzk6518638.cdn.ntruss.com/product/8801771024552.jpg
272,샌)백종원콘치즈참치,CU,샌드위치/햄버거,https://tqklhszfkvzk6518638.cdn.ntruss.com/product/8809453266054.jpg
273,햄)빅통모짜비프버거,CU,샌드위치/햄버거,https://tqklhszfkvzk6518638.cdn.ntruss.com/product/8801068404524.jpg
274,햄)매콤판타스틱치킨버거,CU,샌드위치/햄버거,https://tqklhszfkvzk6518638.cdn.ntruss.com/product/8809692953258.jpg
275,햄)백종원트리플불고기,CU,샌드위치/햄버거,https://tqklhszfkvzk6518638.cdn.ntruss.com/product/8809453266016.jpg
276,샌)백종원콘치즈감자,CU,샌드위치/햄버거,https://tqklhszfkvzk6518638.cdn.ntruss.com/product/8801771024392.jpg
277,햄)통새우치즈버거,CU,샌드위치/햄버거,https://tqklhszfkvzk6518638.cdn.ntruss.com/product/8809802264595.jpg
278,햄)창녕양파불고기버거,CU,샌드위치/햄버거,https://tqklhszfkvzk6518638.cdn.ntruss.com/product/8809692953227.jpg
279,샌)점보4단햄참치,CU,샌드위치/햄버거,https://tqklhszfkvzk6518638.cdn.ntruss.com/product/8809453265873.jpg
280,핫)창녕양파듬뿍핫도그,CU,샌드위치/햄버거,https://tqklhszfkvzk6518638.cdn.ntruss.com/product/8809692953197.jpg
281,주)이금기삼겹볶음삼각,CU,김밥/주먹밥,https://tqklhszfkvzk6518638.cdn.ntruss.com/product/8809453266672.jpg
282,김)이금기삼겹살김밥,CU,김밥/주먹밥,https://tqklhszfkvzk6518638.cdn.ntruss.com/product/8809383957152.jpg
283,주)3XL우삼겹전주비빔,CU,김밥/주먹밥,https://tqklhszfkvzk6518638.cdn.ntruss.com/product/8809802266063.jpg
284,주)진미채땡초삼각,CU,김밥/주먹밥,https://tqklhszfkvzk6518638.cdn.ntruss.com/product/8809802265868.jpg
285,주)닭갈비유부밥바,CU,김밥/주먹밥,https://tqklhszfkvzk6518638.cdn.ntruss.com/product/8809383956933.jpg
286,김)백종원더블까스김밥,CU,김밥/주먹밥,https://tqklhszfkvzk6518638.cdn.ntruss.com/product/8801771025092.jpg
287,김)백종원더블까스김밥,CU,김밥/주먹밥,https://tqklhszfkvzk6518638.cdn.ntruss.com/product/8801771025092.jpg
288,주)화해당게딱지장삼각,CU,김밥/주먹밥,https://tqklhszfkvzk6518638.cdn.ntruss.com/product/8809802265813.jpg
289,주)야키토리묵닭조림삼각,CU,김밥/주먹밥,https://tqklhszfkvzk6518638.cdn.ntruss.com/product/8809383957114.jpg
290,김)대파불고기듬뿍김밥,CU,김밥/주먹밥,https://tqklhszfkvzk6518638.cdn.ntruss.com/product/8809802265776.jpg
291,도구리)고기만두유부초밥,CU,김밥/주먹밥,https://tqklhszfkvzk6518638.cdn.ntruss.com/product/8809802265721.jpg
292,도구리)크랩명란유부밥바,CU,김밥/주먹밥,https://tqklhszfkvzk6518638.cdn.ntruss.com/product/8809383957015.jpg
293,도구리)김치만두유부초밥,CU,김밥/주먹밥,https://tqklhszfkvzk6518638.cdn.ntruss.com/product/8809383956971.jpg
294,주)리챔마요김치볶음삼각,CU,김밥/주먹밥,https://tqklhszfkvzk6518638.cdn.ntruss.com/product/8801771025016.jpg
295,주)3XL서울식소불고기,CU,김밥/주먹밥,https://tqklhszfkvzk6518638.cdn.ntruss.com/product/8801771024958.jpg
296,주)뉴리치소고기전주,CU,김밥/주먹밥,https://tqklhszfkvzk6518638.cdn.ntruss.com/product/8809453266399.jpg
297,김)백종원불오리유부,CU,김밥/주먹밥,https://tqklhszfkvzk6518638.cdn.ntruss.com/product/8809383956896.jpg
298,주)백종원불오리삼각,CU,김밥/주먹밥,https://tqklhszfkvzk6518638.cdn.ntruss.com/product/8809802265554.jpg
299,주)올바른치킨두부마요,CU,김밥/주먹밥,https://tqklhszfkvzk6518638.cdn.ntruss.com/product/8809802265516.jpg
300,주)복분자너비아니삼각,CU,김밥/주먹밥,https://tqklhszfkvzk6518638.cdn.ntruss.com/product/8801771024675.jpg
301,김)치즈통소세지김밥,CU,김밥/주먹밥,https://tqklhszfkvzk6518638.cdn.ntruss.com/product/8809802265370.jpg
302,김)치즈계란듬뿍김밥,CU,김밥/주먹밥,https://tqklhszfkvzk6518638.cdn.ntruss.com/product/8809453266160.jpg
303,주)통리챔참치마요밥바,CU,김밥/주먹밥,https://tqklhszfkvzk6518638.cdn.ntruss.com/product/8809802265332.jpg
304,주)매실고추장불고기삼각,CU,김밥/주먹밥,https://tqklhszfkvzk6518638.cdn.ntruss.com/product/8809453266245.jpg
305,주)주먹왕참치마요,CU,김밥/주먹밥,https://tqklhszfkvzk6518638.cdn.ntruss.com/product/8809453266207.jpg
306,주)3XL뉴리치참치마요,CU,김밥/주먹밥,https://tqklhszfkvzk6518638.cdn.ntruss.com/product/8809802265233.jpg
307,주)뉴리치참치마요,CU,김밥/주먹밥,https://tqklhszfkvzk6518638.cdn.ntruss.com/product/8809383956773.jpg
308,김)확실한참치김밥(신),CU,김밥/주먹밥,https://tqklhszfkvzk6518638.cdn.ntruss.com/product/8809802265066.jpg
309,김)확실한제육김밥(신),CU,김밥/주먹밥,https://tqklhszfkvzk6518638.cdn.ntruss.com/product/8809802265028.jpg
310,김)확실한불고기김밥(신),CU,김밥/주먹밥,https://tqklhszfkvzk6518638.cdn.ntruss.com/product/8809383956490.jpg
311,김)확실한야채김밥(신),CU,김밥/주먹밥,https://tqklhszfkvzk6518638.cdn.ntruss.com/product/8801771024439.jpg
312,주)백종원반반닭갈비,CU,김밥/주먹밥,https://tqklhszfkvzk6518638.cdn.ntruss.com/product/8809383956377.jpg
313,김)확실한스팸김치김밥,CU,김밥/주먹밥,https://tqklhszfkvzk6518638.cdn.ntruss.com/product/8809802264977.jpg
314,김)확실한고기산적김밥,CU,김밥/주먹밥,https://tqklhszfkvzk6518638.cdn.ntruss.com/product/8809453265972.jpg
315,주)쿠시마사돈까스마요,CU,김밥/주먹밥,https://tqklhszfkvzk6518638.cdn.ntruss.com/product/8801771024033.jpg
316,주)3XL리치소고기전주,CU,김밥/주먹밥,https://tqklhszfkvzk6518638.cdn.ntruss.com/product/8809802263628.jpg
317,주)3XL리치치킨데리마요,CU,김밥/주먹밥,https://tqklhszfkvzk6518638.cdn.ntruss.com/product/8801771023845.jpg
318,주)2XL베이컨참치마요,CU,김밥/주먹밥,https://tqklhszfkvzk6518638.cdn.ntruss.com/product/8809802263215.jpg
319,주)고소참치&amp;매콤비빔,CU,김밥/주먹밥,https://tqklhszfkvzk6518638.cdn.ntruss.com/product/8809802263253.jpg
320,주)2XL로제닭갈비,CU,김밥/주먹밥,https://tqklhszfkvzk6518638.cdn.ntruss.com/product/8809802262911.jpg
