food_id,food_name,type_1,type_2,image_1,image_2
1,두루치기,한식,돼지고기류,https://recipe1.ezmember.co.kr/cache/recipe/2018/10/16/6c2bc1d76e393c444adc5bd86d6ecbb71.jpg,https://recipe1.ezmember.co.kr/cache/recipe/2021/03/07/ba81748d5fc6a2cbaaaa5568d5fa552f1.jpg
2,깐풍육,중식,중국음식,https://recipe1.ezmember.co.kr/cache/recipe/2016/12/22/5a704979babaee3c70e1d6540372e2ed1.jpg,https://recipe1.ezmember.co.kr/cache/recipe/2020/03/14/703b1cc9ecc33ca0c1e3ef7d676d5e861.jpg
3,그라탕,양식,양식,https://recipe1.ezmember.co.kr/cache/recipe/2016/04/07/775a5b479ca929d78e5fd8c8f34412e61.jpg,https://recipe1.ezmember.co.kr/cache/recipe/2017/03/17/cb32265fb4466d7a9024ff1d7877101e1.jpg
4,오므라이스,일식,일본음식,https://recipe1.ezmember.co.kr/cache/recipe/2016/06/05/1ba7e34cf0daf694f09a3a9539ebdb161.jpg,https://allrecipe.net/wp-content/uploads/2021/10/2021-10-13-132031.png
5,빠에야,양식,지중해요리,https://recipe1.ezmember.co.kr/cache/recipe/2020/08/02/3ea1090ca07ddf63b94b0da78843bd021.jpg,https://recipe1.ezmember.co.kr/cache/recipe/2017/04/26/947fd1996bdba3a41fc7a95db4d336fc1.jpg
6,떡볶이,한식,분식n브런치,https://recipe1.ezmember.co.kr/cache/recipe/2016/10/07/f43063e718c49d85ddce4880e4a41fcd1.jpg,https://recipe1.ezmember.co.kr/cache/recipe/2018/08/13/3233d427883d15239f297aeeaf1775531.jpg
7,오코노미야키,일식,일본음식,https://recipe1.ezmember.co.kr/cache/recipe/2017/02/21/3a20a63e4efacbcfc47571c7a7bac2601.jpg,https://recipe1.ezmember.co.kr/cache/recipe/2018/02/21/115d2737840d2821c46251315e112a831.jpg
8,활어회,한식,회,https://post-phinf.pstatic.net/MjAxODA1MTRfMTUw/MDAxNTI2MjY5Nzk5NTYz.qEkbKl1ldMLDLxWyWo6H9rxmOvw-2PUoQoSSETUyIDEg.e3LNIGYugsbRdi2fa4fOPJ_pXkkoRhQE7OFZaW9Gtg0g.PNG/2018-05-14_11%3B04%3B14.PNG?type=w1200,https://t1.daumcdn.net/cfile/tistory/990E004A5C49BE5331
9,뿌팟퐁커리,이외,태국음식,https://recipe1.ezmember.co.kr/cache/recipe/2017/09/14/b62eb82afe2bd2b76fb74652fd86b8e31.jpg,https://upload.wikimedia.org/wikipedia/commons/thumb/4/43/Pu_Phat_Phong_Kari.jpg/1200px-Pu_Phat_Phong_Kari.jpg
10,수육,한식,전골n수육,https://recipe1.ezmember.co.kr/cache/recipe/2016/07/15/e9d94fdf4f545ed3cb9ff30748bf88e71.jpg,https://recipe1.ezmember.co.kr/cache/recipe/2016/12/03/4fef872a74e6bc602c41225bd3e221d81.jpg
11,고추잡채,중식,중국음식,https://recipe1.ezmember.co.kr/cache/recipe/2018/03/02/300486a57ad32a13d16321b816383e441.jpg,https://recipe1.ezmember.co.kr/cache/recipe/2019/02/23/068ad96d629a4bdae9ff5d20c8e650ca1.jpg
12,돼지불고기,한식,돼지고기류,https://recipe1.ezmember.co.kr/cache/recipe/2016/07/11/7e21b925ef58852df32c8d5d491658c61.jpg,https://recipe1.ezmember.co.kr/cache/recipe/2017/05/06/9948fba54b6c6b619f97b61a2ba61d461.jpg
13,제육볶음,한식,소고기류,https://recipe1.ezmember.co.kr/cache/recipe/2020/09/08/52110f292b905a27c30ea6bfed246a491.jpg,https://recipe1.ezmember.co.kr/cache/recipe/2019/10/10/04fb8b97fee9072002a0aa54c266a22e1.jpg
14,소곱창,한식,곱창n대창,http://gdimg.gmarket.co.kr/1638958859/still/600?ver=1639450670,http://image.auction.co.kr/itemimage/23/49/cd/2349cdd1b6.jpg
15,쏨땀,이외,태국음식,https://dimg.donga.com/wps/NEWS/IMAGE/2020/12/11/104394064.1.jpg,https://ww.namu.la/s/b3890294c9f7fe2400f9f3010ac27f00d6bd6c55d196fa26a174a8668dba3097b475be0379314db7fe1754967e620662c4f7985fc905a9da3c35e83afdb14a4788991677b450ceaa5958cc43e13bbf14
16,바비큐,양식,양식,https://upload.wikimedia.org/wikipedia/commons/a/a7/BBQ_Food.jpg,https://i.ytimg.com/vi/MMYjkc7Bw8w/maxresdefault.jpg
17,라멘,일식,일본음식,http://d20aeo683mqd6t.cloudfront.net/ko/articles/title_images/000/040/677/medium/pixta_53717564_M.jpg?2020,https://upload.wikimedia.org/wikipedia/commons/e/ec/Shoyu_ramen%2C_at_Kasukabe_Station_%282014.05.05%29_1.jpg
18,돼지국밥,한식,해장국n국밥,https://newsimg.hankookilbo.com/cms/articlerelease/2021/06/20/b878e4fd-55de-4979-b66f-f6a4d54d6fa2.jpg,https://t1.daumcdn.net/cfile/tistory/99BA22365E3A3AE610
19,탄두리치킨,이외,인도음식,https://upload.wikimedia.org/wikipedia/commons/e/e1/Chickentandoori.jpg,https://recipe1.ezmember.co.kr/cache/recipe/2015/06/09/a86ab11154c02bd1c12f612e1c427abe.jpg
20,토스트,분식,분식n브런치,https://recipe1.ezmember.co.kr/cache/recipe/2017/04/19/d156a028f5dc79d233c3e86038fb0bd31.jpg,https://recipe1.ezmember.co.kr/cache/recipe/2019/02/10/5d4289fb101abbe27c28cd65759d23d31.jpg
21,팔보채,중식,중국음식,https://recipe1.ezmember.co.kr/cache/recipe/2016/10/11/c4ad35bcf2eeb3701b971db7e7f370b41.jpg,https://t1.daumcdn.net/cfile/tistory/2458133A5963713D2A
22,생선까스,일식,돈가스,https://recipe1.ezmember.co.kr/cache/recipe/2015/04/02/766cfee4756ade496e63cc65be6d9fea1.jpg,https://contents.lotteon.com/itemimage/LO/13/53/08/74/70/_1/35/30/87/47/1/LO1353087470_1353087471_1.jpg/dims/resizef/720X720
23,백반,한식,한정식,https://ww.namu.la/s/911e72e0cc5f9e2629c13920455630be3e08a4c8799046c7eb45ea0c888e7bf973b06f4819672b61ef9445c58fa1a66cecb5762793eb5228f8735f458292810f567fab6eccff322cdb1ba8ab4519da3a5037d3492a1fe2cfe49c10e17b01b64d,https://img.siksinhot.com/article/1623372803655845.jpg
24,아귀찜,한식,해물탕n해물요리,https://recipe1.ezmember.co.kr/cache/recipe/2021/04/03/b51e7beee1de43fd2bd48813ee3ecfd11.jpg,https://recipe1.ezmember.co.kr/cache/recipe/2016/08/21/6e20d826cfd666138f6abd6106b16f9b1.jpg
25,퀘사디아,양식,남미요리,https://recipe1.ezmember.co.kr/cache/recipe/2015/08/21/dcca6b31148b063b95efefff9f14e4f21.jpg,https://static.wtable.co.kr/image/production/service/recipe/242/866e41e0-0745-4c77-97f0-f7f447077f3e.jpg
26,돼지막창,한식,곱창n대창,http://th4.tmon.kr/thumbs/image/05e/d46/962/f61acb657_700x700_95_FIT.jpg,http://image.auction.co.kr/itemimage/23/35/39/233539eba6.jpg
27,핫도그,분식,분식n브런치,http://cdn.iconsumer.or.kr/news/photo/202110/21844_24989_154.jpg,https://recipe1.ezmember.co.kr/cache/recipe/2019/03/18/3c84dd20e3ded9c198d207bb034ee8a21.jpg
28,메밀소바,일식,일본음식,https://recipe1.ezmember.co.kr/cache/recipe/2017/07/25/2e956f8217b643fef8b94370dfd6ceda1.jpg,http://th2.tmon.kr/thumbs/image/ca2/57d/7c0/d048e7ed1_700x700_95_FIT.jpg
29,떡국,한식,찌개n전골n국n탕,https://recipe1.ezmember.co.kr/cache/recipe/2021/01/01/0084677ff524e3e09939e7f7c178c0231.jpg,https://recipe1.ezmember.co.kr/cache/recipe/2020/12/30/6d467866df89bee1d9592784ad69017b1.jpg
30,쫄면,한식,분식n브런치,https://recipe1.ezmember.co.kr/cache/recipe/2019/04/08/fbaed261c9c3ce081b3a45489a2255b51.jpg,https://recipe1.ezmember.co.kr/cache/recipe/2016/06/01/4f68b7034ee98358a5924e756d8100801.jpg
31,훈제오리,한식,오리고기류,https://img-cf.kurly.com/shop/data/goodsview/20201222/gv30000145311_1.jpg,https://recipe1.ezmember.co.kr/cache/recipe/2018/06/09/3099127fe2ffc03e3f4b67768dc380b81.jpg
32,삼겹살구이,한식,돼지고기류,https://pds.joongang.co.kr/news/component/htmlphoto_mmdata/201702/27/117f5b49-1d09-4550-8ab7-87c0d82614de.jpg,https://recipe1.ezmember.co.kr/cache/recipe/2015/11/09/2391436ae147b8c5db8004fecfbc72bf1.jpg
33,닭발,한식,닭고기류,http://th4.tmon.kr/thumbs/image/d98/97c/0c7/716e09e6a_700x700_95_FIT.jpg,https://recipe1.ezmember.co.kr/cache/recipe/2019/12/18/6ca31e367bba57ec04a16922aef8657f1.jpg
34,탄탄멘,일식,일본음식,http://www.homecuisine.co.kr/files/attach/images/142/862/017/89201bb88d8ce72a118bf20451f81de1.JPG,https://t1.daumcdn.net/cfile/tistory/2163E13E56C2952031
35,규카츠,일식,돈가스,http://d20aeo683mqd6t.cloudfront.net/ko/articles/title_images/000/039/902/medium/shutterstock_1444047152.jpeg?2019,"https://mp-seoul-image-production-s3.mangoplate.com/53773_1594628087351551.jpg?fit=around|738:738&crop=738:738;*,*&output-format=jpg&output-quality=80"
36,파니니,양식,지중해요리,https://img-cf.kurly.com/shop/data/goodsview/20210608/gv30000190954_1.jpg,https://www.newiki.net/w/images/thumb/f/ff/Panini.jpg/1200px-Panini.jpg
37,미고랭,이외,동남아요리,http://img.danawa.com/prod_img/500000/829/556/img/5556829_1.jpg?shrink=330:330&_v=20210430155542,https://img1.daumcdn.net/thumb/R800x0/?scode=mtistory2&fname=https%3A%2F%2Ft1.daumcdn.net%2Fcfile%2Ftistory%2F25334A3D58A6B1C30C
38,족발,한식,족발n보쌈,http://image.auction.co.kr/itemimage/23/f5/9d/23f59d9426.jpg,https://static.hubzum.zumst.com/hubzum/2019/07/26/11/8291a05e16b14e9b91eedc7a4375c934_780x585.jpg
39,분식튀김,한식,분식n브런치,https://i.ytimg.com/vi/G4t_k66NsKk/maxresdefault.jpg,http://ojsfile.ohmynews.com/STD_IMG_FILE/2013/1104/IE001640425_STD.jpg
40,오리불고기,한식,오리고기류,https://recipe1.ezmember.co.kr/cache/recipe/2020/05/21/3401c17babeabc7dad4d1624876d544e1.jpg,https://recipe1.ezmember.co.kr/cache/recipe/2015/06/12/02d824085b2d1fa9a1fc805065d1c0b0.jpg
41,어향동고,중식,중국음식,https://t1.daumcdn.net/cfile/tistory/99C5E6475B4D8B8E36,https://mblogthumb-phinf.pstatic.net/MjAxOTExMTdfMTYz/MDAxNTczOTY1MzY3NTQx._3tj-gWZxGudPEIeNvAfAOw6u81ZW4h_qYL-btLFbIAg.yM-PFjPkWBYFbG0GqhftFqS-hNPIO6cNX5rkw_4V7zUg.JPEG.psj7067/1573965366162.jpg?type=w800
42,소불고기,한식,소고기류,https://recipe1.ezmember.co.kr/cache/recipe/2017/07/27/b36c97b77acbf4f77f7d2448bfdec3751.jpg,https://recipe1.ezmember.co.kr/cache/recipe/2017/05/04/51ca93238001e80a5fb7a86cb876e8e31.jpg
43,와플,분식,분식n브런치,https://recipe1.ezmember.co.kr/cache/recipe/2018/10/11/63b69775c704125b896671d0c22bda681.jpg,https://upload.wikimedia.org/wikipedia/commons/thumb/5/5b/Waffles_with_Strawberries.jpg/1200px-Waffles_with_Strawberries.jpg
44,쪽갈비,한식,돼지고기류,https://recipe1.ezmember.co.kr/cache/recipe/2018/02/24/848abbd00bb9dbdea1aa4e02848706f51.jpg,https://img-cf.kurly.com/shop/data/goodsview/20190610/gv10000052710_1.jpg
45,주먹밥,한식,분식n브런치,https://recipe1.ezmember.co.kr/cache/recipe/2019/07/04/c80f85711db8a9249bd58aa34a19779a1.jpg,https://cloudfront.haemukja.com/vh.php?url=https://d1hk7gw6lgygff.cloudfront.net/uploads/direction/image_file/19447/pad_thumb_PA110029.JPG&convert=jpgmin&rt=600
46,라조육,중식,중국음식,https://blog.kakaocdn.net/dn/bOO352/btqDRwt7fZZ/DijGrTauh6p1TnhKIDGgL0/img.png,https://dvdprime.com/g2/data/cheditor5/2107/view_thumbnail/mania-done-20210709232151_pftrexpr.jpg
47,중식볶음밥,중식,중국음식,https://recipe1.ezmember.co.kr/cache/recipe/2015/08/27/932b0eac49b0f341ee9b91553d84d9b91.jpg,https://i.ytimg.com/vi/F9bN3OL5IVY/maxresdefault.jpg
48,볶음밥,한식,철판구이n볶음밥,https://recipe1.ezmember.co.kr/cache/recipe/2015/08/27/932b0eac49b0f341ee9b91553d84d9b91.jpg,https://m.cjthemarket.com/cjom/design/detail/prd_deatil_40063646_01.jpg
49,돼지곱창,한식,곱창n대창,http://ojsfile.ohmynews.com/STD_IMG_FILE/2021/0126/IE002752572_STD.jpg,http://gdimg.gmarket.co.kr/1987163102/still/280?ver=1627899040
50,팬케이크,양식,분식n브런치,https://t1.daumcdn.net/cfile/tistory/993E1D425A610FDA12,https://i.ytimg.com/vi/gc-kjplpdA4/maxresdefault.jpg
51,똠양꿍,이외,동남아요리,https://t1.daumcdn.net/thumb/R720x0/?fname=http://t1.daumcdn.net/brunch/service/user/2AuX/image/v6KWvQtxvRdGzXzql4ZJ4gEdN2M.png,https://homecuisine.co.kr/files/attach/images/142/932/083/96b5b0e97c9faec8f51ec85f72b063b8.JPG
52,멘보샤,중식,중국음식,https://static.wtable.co.kr/image-resize/production/service/recipe/297/4x3/4aad12ba-6c7b-4654-92e7-7f422cd835c4.jpg,https://t1.daumcdn.net/news/201904/17/moneytoday/20190417124035199vsax.jpg
53,물냉면,한식,냉면n냉국수,https://recipe1.ezmember.co.kr/cache/recipe/2018/09/03/2fbd4c06b5ce4d54a6107f1b83fa5da81.jpg,https://recipe1.ezmember.co.kr/cache/recipe/2018/06/02/72384fb2f01ccb2e9b15f416db5f8d171.jpg
54,꼬리곰탕,한식,설렁탕n곰탕,https://mblogthumb-phinf.pstatic.net/MjAxODA2MDJfMjIg/MDAxNTI3ODk2MzYzMzU2.bW9A-vUCvH3dZeDql2gI9BnECqa59F3D7utjUHkhQN0g.PLV9r61G3EIz5thw0rPO_O-qa1ctSwI0zRqVEz9AERIg.JPEG.zadoz/image_1664543001527893254279.jpg?type=w800,https://i.ytimg.com/vi/nBMQdlGfyAA/maxresdefault.jpg
55,탕수육,중식,중국음식,https://recipe1.ezmember.co.kr/cache/recipe/2018/07/12/12221690d4f7dc3e0bbdc70d05017b101.jpg,https://upload.wikimedia.org/wikipedia/commons/thumb/4/4d/Tangsuyuk_%28Korean_Chinese_sweet_and_sour_pork%29.jpg/220px-Tangsuyuk_%28Korean_Chinese_sweet_and_sour_pork%29.jpg
56,닭개장,한식,찌개n전골n국n탕,https://recipe1.ezmember.co.kr/cache/recipe/2017/02/12/a9f591e3131833baa40a841b005ca0b61.jpg,https://recipe1.ezmember.co.kr/cache/recipe/2018/12/23/d7f78e1fb121ae5872f4103f6f1679761.jpg
57,곱창전골,한식,전골n수육,https://recipe1.ezmember.co.kr/cache/recipe/2020/04/17/652f05b647eb69dfc24465269c5fe1e51.jpg,https://sjnfzdfjrjgl1655541.cdn.ntruss.com/goods/3/2020/12/565_tmp_eff3cda51214943de9dda11b98e226bb1534view.jpg
58,라면,분식,라면n칼국수n국수n수제비,https://health.chosun.com/site/data/img_dir/2020/09/07/2020090702900_0.jpg,https://health.chosun.com/site/data/img_dir/2021/10/26/2021102601968_0.jpg
59,에그베네딕트,양식,분식n브런치,https://recipe1.ezmember.co.kr/cache/recipe/2017/07/21/f351d42e9c7203349a7941a6d5d2c7811.jpg,https://static.wtable.co.kr/image-resize/production/service/recipe/142/16x9/cc66deb3-0b56-46a2-b90c-b4e85ab85de9.jpg
60,보쌈,한식,족발n보쌈,https://recipe1.ezmember.co.kr/cache/recipe/2015/11/04/2822d0962875bb52265b4e90ca1d92ae1.jpg,https://recipe1.ezmember.co.kr/cache/recipe/2017/07/20/ecdefb73ec9113b40fcb123183e4eeb51.jpg
61,소갈비찜,한식,소고기류,https://recipe1.ezmember.co.kr/cache/recipe/2016/12/13/0da61f8c1b82dd7bc2ff15571de251a91.jpg,https://recipe1.ezmember.co.kr/cache/recipe/2019/02/09/9377ac695a85566adfda9817b73438f31.jpg
62,야끼소바,일식,일본음식,https://upload.wikimedia.org/wikipedia/commons/b/b4/Yakisoba_in_Kyoto.jpg,https://recipe1.ezmember.co.kr/cache/recipe/2018/03/23/fc313f943d449fe67702c7b386a4560d1.jpg
63,감자탕,한식,감자탕n추어탕,https://recipe1.ezmember.co.kr/cache/recipe/2016/12/19/64f70311042c29d4a882c5187dfab63c1.jpg,http://img.danawa.com/prod_img/500000/002/723/img/12723002_1.jpg?shrink=330:330&_v=20220325092055
64,김밥,한식,분식n브런치,https://upload.wikimedia.org/wikipedia/commons/0/0e/Gimbap_%28pixabay%29.jpg,https://recipe1.ezmember.co.kr/cache/recipe/2016/06/29/e7401296033ab8e4297cd53d71e1bba91.jpg
65,랍스터,양식,씨푸드,https://img.hankyung.com/photo/202106/AA.26670791.1-1200x.jpg,https://img1.yna.co.kr/etc/inner/KR/2021/07/09/AKR20210709068600009_01_i_P2.jpg
66,깐풍새우,중시,중국음식,https://recipe1.ezmember.co.kr/cache/recipe/2017/07/13/8ddb04e707b52a29c803b93831e060d71.jpg,https://recipe1.ezmember.co.kr/cache/recipe/2015/04/09/ef86cbd5ef765c73f0ca647387faeb81.jpg
67,나시고랭,이외,동남아요리,https://recipe1.ezmember.co.kr/cache/recipe/2019/03/04/ff1d70c8d640f4598f55d6ba9df987b91.jpg,https://recipe1.ezmember.co.kr/cache/recipe/2016/08/18/2e4964be039b49625f2bf714283207b81.jpg
68,닭갈비,한식,닭고기류,https://upload.wikimedia.org/wikipedia/commons/thumb/4/44/Dakgalbi.jpg/1200px-Dakgalbi.jpg,https://recipe1.ezmember.co.kr/cache/recipe/2015/08/11/96da56fb5e8d517150b52f95a19997d01.jpg
69,얌운센,이외,태국음식,https://static.wtable.co.kr/image/production/service/recipe/350/7feb73be-a94b-4cb5-829e-ee19375293d5.jpg,https://upload.wikimedia.org/wikipedia/commons/b/be/Yam_wunsen.jpg
70,콩국수,한식,냉면n냉국수,https://recipe1.ezmember.co.kr/cache/recipe/2016/06/09/237c538f59aa91ae1c26a62351c595cf1.jpg,https://recipe1.ezmember.co.kr/cache/recipe/2018/07/14/7ed726074031a11480d1ed901c5b92211.jpg
71,조개찜,한식,해물탕n해물요리,https://recipe1.ezmember.co.kr/cache/recipe/2015/11/16/f2a1a1691f252ee1a068af9b3e501e7e1.jpg,https://img.siksinhot.com/seeon/1641430808798011.jpg
72,브리또,이외,분식n브런치,https://recipe1.ezmember.co.kr/cache/recipe/2018/11/08/1b72af1bef081950f7fb0cc07f2037131.jpg,https://recipe1.ezmember.co.kr/cache/recipe/2017/06/16/796f341e34ce6f03fc27c7d5ab77d6c71.png
73,샌드위치,양식,분식n브런치,https://recipe1.ezmember.co.kr/cache/recipe/2018/07/17/ff176a4542f1154c543d00d20be87fb41.jpg,https://recipe1.ezmember.co.kr/cache/recipe/2018/12/12/6d6941d611d34c90c5dc19f4d67c857a1.jpg
74,마라롱샤,중식,중국음식,https://recipe1.ezmember.co.kr/cache/recipe/2018/12/15/096f2f6f76734bc61677e3ae72fe89de1.jpg,https://img.famtimes.co.kr/resources/2018/08/07/YDZPl6oftBeVgfab.png
75,닭강정,분식,치킨n훈제,https://w.namu.la/s/59b6e78f4edb988a1e7d435d6e4885f35e16ca79b76f622fe5f60888582195faf21762708e62f46586f880326e7f534c28bedbfc117e58c52d3e78fe1249202ef120606e6fade2b159087d899f139d8d,https://recipe1.ezmember.co.kr/cache/recipe/2018/06/24/544be31a25bd7dcf03747f1f75cb6a411.jpg
76,마라샹궈,중식,중국음식,https://upload.wikimedia.org/wikipedia/commons/thumb/6/67/Ma_La_Xiang_Guo.jpg/1200px-Ma_La_Xiang_Guo.jpg,https://img1.daumcdn.net/thumb/R1280x0/?fname=http://t1.daumcdn.net/brunch/service/user/2mg6/image/9d8TOY3Yp6nCKziDzEWuGGHrqd4.jpg
77,우동,일식,일본음식,https://upload.wikimedia.org/wikipedia/commons/thumb/9/9c/Garak-guksu.jpg/220px-Garak-guksu.jpg,https://udon0410.com/wp-content/themes/udon0410/assets/images/main_section02_01.png
78,돼지갈비찜,한식,돼지고기류,https://recipe1.ezmember.co.kr/cache/recipe/2017/10/27/8c2da221365f87aca56c579c4518dc8f1.jpg,https://recipe1.ezmember.co.kr/cache/recipe/2018/02/10/a9e93c1f2dc682239fc7e156c121fb6a1.jpg
79,양장피,중식,중국음식,https://recipe1.ezmember.co.kr/cache/recipe/2015/06/08/5f77c1f415b8d4fec2e81019e1d16c29.jpg,https://recipe1.ezmember.co.kr/cache/recipe/2015/10/29/fd45f1d09dba6667ebd8316d5f7886d4.jpg
80,카레,일식,카레,https://recipe1.ezmember.co.kr/cache/recipe/2018/12/05/8c2b5280776871cec2506d042f8ed5361.jpg,https://cdn.univ20.com/wp-content/uploads/2016/07/b553aaf1827008c5a6bea00ceeac9dc2.png
81,소시지,이외,돼지고기류,http://img.research-paper.co.kr/resources/2018/07/31/vSNhK7KL6A7fPlha.jpg,https://encrypted-tbn0.gstatic.com/images?q=tbn:ANd9GcRhoHmY6yUyA4dKa6JB3M95Dokohg9EXM5OUqTeVotiEwRkHQj6-agMax4mcS-uuE0hUSU&usqp=CAU
82,훠궈,중식,중국음식,https://sjnfzdfjrjgl1655541.cdn.ntruss.com/goods/3/2021/03/624_tmp_ced25d1e9693f87389775aebaf39be3c3888view.jpg,https://blog.kakaocdn.net/dn/bBlO4g/btqKSWGFzEW/wuMll0faJwKA2ur7WK6vg0/img.jpg
83,고로케,분식,분식n브런치,https://w.namu.la/s/11598b0dad58a99c13423fea07825ab2b9687b4bf68d9ce48dddf490fdfb24b808181cb22ba0a5c67281166e883bdd1bcaca1707ddadf531aba87ab4e4d7b5a31695df98d65bf845ce5367ea3225f0b3f9db67e33d5462d7c93e14bb7e8583e8,https://rimage.gnst.jp/livejapan.com/public/article/detail/a/20/00/a2000642/img/basic/a2000642_main.jpg?20211110145030&q=80&rw=750&rh=536
84,리조또,양식,양식,https://recipe1.ezmember.co.kr/cache/recipe/2019/09/27/34ffe65997366602ea4bf091006ff5601.jpg,https://recipe1.ezmember.co.kr/cache/recipe/2017/03/28/6ea37996dff438ff7179a4caa3a9d9111.jpg
85,죽,한식,죽,https://recipe1.ezmember.co.kr/cache/recipe/2017/08/14/ac6b1a3aa355f77f5fe63e8d694bb44a1.jpg,https://cdn.bonif.co.kr/cmdt/BF101_thum_10000275.jpg
86,라따뚜이,이외,양식,https://recipe1.ezmember.co.kr/cache/recipe/2018/06/13/645b3cee8e6629b883ccc29389a3b6a41.jpg,https://upload.wikimedia.org/wikipedia/ko/a/a1/%EB%9D%BC%EB%94%B0%EB%9A%9C%EC%9D%B4_%ED%8F%AC%EC%8A%A4%ED%84%B0.jpg
87,백숙,한식,삼계탕n백숙n찜닭,https://recipe1.ezmember.co.kr/cache/recipe/2016/05/30/c9d2422b3bc8c8feb37a015ba5eed9591.jpg,http://www.fsnews.co.kr/news/photo/202006/38484_32172_511.jpg
88,삼계탕,한식,삼계탕n백숙n찜닭,https://i.ytimg.com/vi/s1_6QYjjHzY/maxresdefault.jpg,https://recipe1.ezmember.co.kr/cache/recipe/2019/06/28/7deb64b55ff75fd05269e8dcb9f6c3e81.jpg
89,물만두,한식,분식n브런치,https://encrypted-tbn0.gstatic.com/images?q=tbn:ANd9GcRs-dg-LcRZtxcFYmJfLbGDfyf1Sy0vliSWiw&usqp=CAU,"https://mp-seoul-image-production-s3.mangoplate.com/1403730_1641102309287580.jpg?fit=around|738:738&crop=738:738;*,*&output-format=jpg&output-quality=80"
90,감바스,이외,지중해요리,https://recipe1.ezmember.co.kr/cache/recipe/2017/02/17/9d7acdec6fcb064f938b8247eefaa2e31.jpg,https://sjnfzdfjrjgl1655541.cdn.ntruss.com/goods/3/2019/07/156_tmp_483b4b1bfca8c851ddea5f338f83fa928451view.jpg
91,치킨,한식,치킨n훈제,https://upload.wikimedia.org/wikipedia/commons/2/20/Korean_fried_chicken_3_banban.jpg,https://w.namu.la/s/0757e0521734bb19004e9c35b3d64e26509edd9480b184cdc591364f7d336c01294622cc7c3ec3a1cf95caf9d177e1abb2039b315958a3989b168e637497fb54ac296cab8950f3f81720029a246ced799154d29b3619401c53acbcba57fb0b38
92,소고기구이,한식,소고기류,https://recipe1.ezmember.co.kr/cache/recipe/2015/06/30/ca7fdf5b3827a6d74c01deac947882a31.jpg,https://imagescdn.gettyimagesbank.com/500/201811/a11229028.jpg
93,동파육,중식,중국음식,https://recipe1.ezmember.co.kr/cache/recipe/2015/08/07/65d0928ea834bc80758783191934ec67.jpg,https://recipe1.ezmember.co.kr/cache/recipe/2018/05/30/92a632f339a7dbdf8807cc1f2ca84dd11.jpg
94,타코야키,일식,일본음식,https://www.otafukusauce.com/k/recipes/images/594%281%29.jpg,https://pds.joins.com/news/component/htmlphoto_mmdata/201505/14/htm_20150514101851117.jpg
95,깐쇼새우,중식,중국음식,https://recipe1.ezmember.co.kr/cache/recipe/2020/02/10/499944dd7dfeb8ecb0a666e960b5c2201.png,https://recipe1.ezmember.co.kr/cache/recipe/2017/09/12/e0f85c3ba768aebd7a2b17db828383481.jpg
96,닭꼬치,분식,분식n브런치,https://recipe1.ezmember.co.kr/cache/recipe/2015/10/05/f192523be8730a9059ee9cc869c48c691.jpg,https://recipe1.ezmember.co.kr/cache/recipe/2017/01/04/2a447445261c602606d63cef87db68551.jpg
97,삼각김밥,한식,분식n브런치,https://file.mk.co.kr/meet/neds/2019/07/image_readtop_2019_483806_15621353303812011.jpg,https://recipe1.ezmember.co.kr/cache/recipe/2020/07/10/5c8525994843d8550f1a3e77625a7efa1.jpg
98,오리주물럭,한식,오리고기류,https://recipe1.ezmember.co.kr/cache/recipe/2019/01/17/41b1c2b11fa2c45cd87c654fb0a6caaf1.jpg,https://recipe1.ezmember.co.kr/cache/recipe/2015/09/11/2a7b7e2b224556836dfb148dbe183d4d.jpg
99,돼지불백,한식,돼지고기류,https://recipe1.ezmember.co.kr/cache/recipe/2015/06/18/c9e8221735873bb4cf4ea914e226c900.jpg,https://recipe1.ezmember.co.kr/cache/recipe/2018/09/06/4668b7ea0e9a651ac1166f4ecaa98d211.jpg
100,유산슬,중식,중국음식,https://t1.daumcdn.net/cfile/blog/25243D365815F66114,https://cdn.clien.net/web/api/file/F01/10737122/ef921eddeb8a4.png?w=780&h=30000
101,떡갈비,한식,돼지고기류,https://recipe1.ezmember.co.kr/cache/recipe/2016/06/27/d321ac09144d01034618570a6c6c10601.jpg,https://mblogthumb-phinf.pstatic.net/20141028_282/dew36_14144479778726vF4X_JPEG/1.jpg?type=w2
102,월남쌈,이와,동남아요리,https://recipe1.ezmember.co.kr/cache/recipe/2018/03/22/60ba4e22b824a1e1959e8c0cca145db91.jpg,https://static.wtable.co.kr/image/production/service/recipe/84/6277711a-788e-4c9b-a1b8-b9d306078dfb.jpg
103,대게,양식,씨푸드,https://blog.kakaocdn.net/dn/bV06OM/btq9GlmZkPc/hQu9Oen1Y0i3aedqVdz7rk/img.png,http://src.hidoc.co.kr/image/lib/2017/12/8/20171208154433331_0.jpg
104,샐러드,양식,양식,https://src.hidoc.co.kr/image/lib/2021/2/17/1613545788294_0.jpg,https://health.chosun.com/site/data/img_dir/2021/05/06/2021050601029_0.jpg
105,맥앤치즈,양식,양식,https://recipe1.ezmember.co.kr/cache/recipe/2016/12/14/1d60188d3e3e9e7faf5dae54b2914d571.jpg,https://static.wtable.co.kr/image-resize/production/service/recipe/389/4x3/c02b1739-1305-47a5-8068-bf7c7ee460d9.jpg
106,닭볶음탕,한식,닭고기류,https://recipe1.ezmember.co.kr/cache/recipe/2015/08/11/0554430063ac68758e4929e120c655001.jpg,https://recipe1.ezmember.co.kr/cache/recipe/2017/09/12/8a64e811117ac8b1481ee52bd443b85c1.jpg
107,버섯탕수,한식,돼지고기류,https://recipe1.ezmember.co.kr/cache/recipe/2015/11/03/2b97872eaa43d881dcd80c54fae93ef81.jpg,https://recipe1.ezmember.co.kr/cache/recipe/2019/01/31/1e84dbe271efb05ecb64de1d18ccd83a1.jpg
108,마파두부,중식,중국음식,https://recipe1.ezmember.co.kr/cache/recipe/2015/07/16/e90d4aa496657c666f2821977e3c721e1.jpg,https://static.wtable.co.kr/image-resize/production/service/recipe/1027/4x3/a3260dc1-edff-45b3-864b-4300d7afd079.jpg
109,순대,한식,분식n브런치,https://img1.daumcdn.net/thumb/R720x0/?fname=https%3A%2F%2Ft1.daumcdn.net%2Fliveboard%2Fdailylife%2F946d34355aab4a4a922de5215f8dc3ce.jpg,http://th4.tmon.kr/thumbs/image/f2f/494/688/7e915e181_700x700_95_FIT.jpg
110,굴구이,한식,해물탕n해물요리,https://pds.joongang.co.kr/news/component/htmlphoto_mmdata/201702/05/htm_20170205174226425794.jpg,http://ojsfile.ohmynews.com/STD_IMG_FILE/2013/1212/IE001654898_STD.jpg
111,깐풍기,중식,중국음식,https://i.ytimg.com/vi/npqchztXIjg/maxresdefault.jpg,https://homecuisine.co.kr/files/attach/images/142/282/063/e9aaf1339f82b03378ba362e5c8f2b1a.JPG
112,샤브샤브,일식,샤브샤브,https://recipe1.ezmember.co.kr/cache/recipe/2018/11/10/575c652e5113bd993970f93033b52a551.jpg,https://sjnfzdfjrjgl1655541.cdn.ntruss.com/goods/3/2019/07/137_tmp_87abc18235509a9a8e4b860983d01d193210view.jpg
113,치킨까스,한식,돈가스,https://recipe1.ezmember.co.kr/cache/recipe/2018/07/30/803898367f5403c5f541af4cbb251b661.jpg,https://recipe1.ezmember.co.kr/cache/recipe/2017/03/04/ef0e55265efd4edd52f68868c7f1c2051.jpg
114,수제비,한식,라면n칼국수n국수n수제비,http://gdimg.gmarket.co.kr/2295430255/still/600?ver=1648703021,https://t1.daumcdn.net/cfile/blog/998CD8355D73BF0003
115,스키야키,일식,일본음식,https://recipe1.ezmember.co.kr/cache/recipe/2017/06/08/70e52f4b6e8908964e43b7f076fd18fb1.jpg,https://kr.savorjapan.com/gg/content_image/t0329_001.jpg
116,쌀국수,한식,쌀국수,https://recipe1.ezmember.co.kr/cache/recipe/2021/02/14/1b7769b2e5d87d8181839d659e2f58d61.jpg,https://img-cf.kurly.com/shop/data/goodsview/20210909/gv40000225004_1.jpg
117,편육,한식,돼지고기류,https://contents.lotteon.com/itemimage/_v222206/LO/15/22/40/62/32/_1/52/24/06/23/3/LO1522406232_1522406233_1.jpg,https://mblogthumb-phinf.pstatic.net/MjAyMDAyMDRfMjY4/MDAxNTgwNzk2Mzg0ODA2.BXizkdJuo0emYZNtkw9PG10m6Bbqtc-W5AWoMeSHti8g.GsPNqXaZ-4rfXW9YggdfiNndGoaB1xxsGjSnBzUz-FUg.JPEG.jej3152/1.JPG?type=w800
118,팟타이,이외,태국음식,https://recipe1.ezmember.co.kr/cache/recipe/2018/07/18/03d38f3884076348393d024bf1c4e51c1.jpg,https://recipe1.ezmember.co.kr/cache/recipe/2015/05/14/0c743cbb95648b31b2dc97d383b551191.jpg
119,타코,이외,남미요리,https://mblogthumb-phinf.pstatic.net/MjAxOTA5MjNfNjEg/MDAxNTY5MjI0NDYzNjY4.rXTPcdvvh_b9XsEyP_ot_6DiqvLwVzV2B4-V6awVF4Ig.ranrZ5fEiwgqWK3SooO0Nh_NMCZaSYQ74aV_SLDENOEg.JPEG.chez_sophie/IMG_0878.jpg?type=w800,https://mblogthumb-phinf.pstatic.net/20160226_59/jose_jose_1456467555172DDaRi_JPEG/P1030864.jpg?type=w800
120,멘치까스,한식,돈가스,https://mblogthumb-phinf.pstatic.net/MjAxOTEyMTZfMjYz/MDAxNTc2NDY0OTAzNjg2.OKMh55FmIofUg39kCiBGYsM1IZH0C8yRE1GAF_p5v_8g.K4p9QyjHbCeCKOendlNWaklHgEpP6HWTxYLSIJU9LH0g.JPEG.gmlwlsdlekd/SE-50bbc926-d7dc-4b7e-ac8d-defc6bf0fcbc.jpg?type=w800,https://mblogthumb-phinf.pstatic.net/MjAxOTEyMTZfMzUg/MDAxNTc2NDY1MDE2NjU3.YnaUWXSuvToLZKNJm-t0EMtE8no6JmPDfa7-lt1yhOIg.ION-bnaVUnxFcODLY1dYfMgKA_zt6VJgNMcfRNFoqwUg.JPEG.gmlwlsdlekd/SE-597efa13-5670-4369-a497-6dbb408693c1.jpg?type=w800
121,마라탕,중식,중국음식,https://upload.wikimedia.org/wikipedia/commons/3/3b/Malatang_from_South_Korea.jpg,https://cdn.imweb.me/upload/S202105203ae010273f7e5/5f80f8da42e85.jpg
122,반미,이외,동남아요리,http://masism.kr/wp-content/uploads/2021/04/00-0.jpg,https://recipe1.ezmember.co.kr/cache/recipe/2020/12/08/607fc52519d9f4e5785d892a696c12331.jpg
123,햄버거,양식,햄버거,https://dimg.donga.com/wps/NEWS/IMAGE/2022/01/02/111057059.1.edit.jpg,https://upload.wikimedia.org/wikipedia/commons/8/8f/NYC-Diner-Bacon-Cheeseburger.jpg
124,비빔밥n,한식,비빔밥n돌솥밥n쌈밥,https://upload.wikimedia.org/wikipedia/commons/thumb/4/44/Dolsot-bibimbap.jpg/220px-Dolsot-bibimbap.jpg,https://health.chosun.com/site/data/img_dir/2021/01/27/2021012702508_0.jpg
125,꼬꼬뱅,이외,양식,https://recipe1.ezmember.co.kr/cache/recipe/2020/08/13/3774c7db98f8bc303ab9fd9af5b72ed51.jpg,https://cloudfront.haemukja.com/vh.php?url=https://d1hk7gw6lgygff.cloudfront.net/uploads/direction/image_file/10922/org_resized_coq.jpg&convert=jpgmin&rt=600
126,육개장,한식,찌개n전골n국n탕,https://pds.joongang.co.kr/news/component/htmlphoto_mmdata/201707/22/f0458918-c9c1-449f-9bc2-b22e6beaffb4.jpg,https://recipe1.ezmember.co.kr/cache/recipe/2017/06/28/f700b6cfd480b078762c3c38fe874dd01.jpg
127,유부초밥,일식,일본음식,https://recipe1.ezmember.co.kr/cache/recipe/2016/07/12/c336b9369d19142cccee8fdbf45e23be1.jpg,https://img-cf.kurly.com/shop/data/goodsview/20210407/gv10000170757_1.jpg
128,라자냐,양식,지중해음식,https://recipe1.ezmember.co.kr/cache/recipe/2020/12/08/b74b82f692949098cfdfe60211a0d9531.jpg,https://static.wtable.co.kr/image/production/service/product/8013/79950626-2b97-4644-921b-c6b32909ab71.jpg
129,오믈렛,일식,일본음식,https://recipe1.ezmember.co.kr/cache/recipe/2016/05/04/6c217333ac980cab829197ec985c6bc21.jpg,https://recipe1.ezmember.co.kr/cache/recipe/2015/12/19/f39bf62c3dc7464fb73722004edfc5491.jpg
130,교자,중식,중국음식,https://rimage.gnst.jp/livejapan.com/public/article/detail/a/00/00/a0000454/img/basic/a0000454_main.jpg?20170412195628&q=80&rw=750&rh=536,"https://mp-seoul-image-production-s3.mangoplate.com/377717/488522_1632659026598_34263?fit=around|738:738&crop=738:738;*,*&output-format=jpg&output-quality=80"
131,라조기,중식,중국음식,https://upload.wikimedia.org/wikipedia/commons/c/c9/Rajogi.jpg,https://mblogthumb-phinf.pstatic.net/MjAxOTA1MjdfNjAg/MDAxNTU4OTU1OTgzNjI5.8Pn0g9XesPCAQiI22BdeoMBRa4y6G4liBqsP4to7xOEg.BlOrfXuqHfS9zDh892g6B6Coo1EZrjnwE3L8JWcpqnkg.JPEG.cityhuntorr/DSC00141.JPG?type=w800
132,타파스,이외,지중해음식,"https://mp-seoul-image-production-s3.mangoplate.com/1316552_1556858530559079.jpg?fit=around|738:738&crop=738:738;*,*&output-format=jpg&output-quality=80",https://mblogthumb-phinf.pstatic.net/MjAxNzA1MTRfMjUg/MDAxNDk0Njk0MzM1Njk2.J5Cd97sZDtWCQnEQNa-JjOvAafjJNlgSEXsBeFPIjl4g.kCxopeTz16WhtVQI4g5pU-qNuka3Mk60-SYQ-Ga1t0Qg.JPEG.tourpuzzle/tapas_%282%29.jpg?type=w800
133,칼국수,한식,라면n칼국수n국수n수제비,https://recipe1.ezmember.co.kr/cache/recipe/2016/05/13/fa8087376b8d2b57e6be48b1502f72081.jpg,https://upload.wikimedia.org/wikipedia/commons/b/b8/Korean.noodle-Kalguksu-01.jpg
134,쌈밥,한식,비빔밥n돌솥밥n쌈밥,https://ssambap.co.kr/wp-content/uploads/2017/06/m_vs_01.jpg,https://recipe1.ezmember.co.kr/cache/recipe/2015/06/25/851cc0f5b4ac37b1dbd223e6f7728648.jpg
135,아구찜,한식,해물탕n해물요리,"https://mp-seoul-image-production-s3.mangoplate.com/sources/web/restaurants/203902/730495_1572929266173?fit=around|738:738&crop=738:738;*,*&output-format=jpg&output-quality=80",https://img.siksinhot.com/article/1542949908311237.jpg
136,초밥,일식,일본음식,https://rimage.gnst.jp/livejapan.com/public/article/detail/a/00/00/a0000370/img/basic/a0000370_main.jpg?20201002142956&q=80&rw=750&rh=536,https://rimage.gnst.jp/livejapan.com/public/article/detail/a/00/00/a0000881/img/basic/a0000881_main.jpg
137,설렁탕,한식,설렁탕n곰탕,https://thingool123.godohosting.com/data/goods/21/01/02/1000018264/1000018264_detail_02.jpg,https://upload.wikimedia.org/wikipedia/commons/3/3d/Seolleongtang.jpg
138,밀면,한식,냉면n냉국수,https://d12zq4w4guyljn.cloudfront.net/20210415105828_photo1_4bca11d907d0.jpg,"https://mp-seoul-image-production-s3.mangoplate.com/1042441_1557638697932205.jpg?fit=around|738:738&crop=738:738;*,*&output-format=jpg&output-quality=80"
139,추어탕,한식,감자탕n추어탕,https://upload.wikimedia.org/wikipedia/commons/d/d8/Chueo-tang.jpg,https://blog.kakaocdn.net/dn/bbWOzy/btqM9OGFw0H/6oGP5q4J3TTNk0ISeMya4K/img.png
140,뼈해장국,한식,해장국n국밥,http://www.goobnemall.com/static-root/prdct/2021/07/16/49b74f49a9334d06ab795ae4f3a18c96.jpg,https://recipe1.ezmember.co.kr/cache/recipe/2016/12/04/4f0a0c3da8d6282724cd45f662302a5e1.jpg
141,생선구이,한식,한정식,http://doksanseongfood.com/files/attach/images/212/670/b907ec1fe136b8b5d2aea9e6f60bb944.jpg,https://crcf.cookatmarket.com/product/images/2021/05/moze_1620707771_2355_720.jpg
142,오리로스,한식,오리고기류,https://recipe1.ezmember.co.kr/cache/recipe/2015/05/06/a5f11999466d979ce62434c84b9e95d61.jpg,https://recipe1.ezmember.co.kr/cache/recipe/2020/05/20/28e41e9d2ecfa756d1e36ac04882a6631.jpg
143,갈비탕,한식,설렁탕n곰탕,https://recipe1.ezmember.co.kr/cache/recipe/2015/04/10/2a25f2c0a58e1808f6c560a678e2a85a1.jpg,https://recipe1.ezmember.co.kr/cache/recipe/2016/11/28/0dc87cfc53802cc71d0e4f33b247c0ff1.jpg
144,설농탕,한식,설렁탕n곰탕,http://images.lookandwalk.com/files/goyangkogov/_thumb_w900_Uxq2bGCs_1_shinsun.jpg,http://images.lookandwalk.com/files/goyangkogov/_thumb_w900_Uxq2bGCs_1_shinsun.jpg
145,해장국,한식,해장국n국밥,http://www.goobnemall.com/static-root/prdct/2021/07/16/49b74f49a9334d06ab795ae4f3a18c96.jpg,https://m.foodingbox.com/web/product/big/201901/eb9409b8fd47597fa30fdc549db6ece3.jpg
146,육회,한식,소고기류,https://upload.wikimedia.org/wikipedia/commons/e/e7/2020-10-20_%EC%9C%A1%ED%9A%8C.jpeg,"https://mp-seoul-image-production-s3.mangoplate.com/442081_1619788372005804.jpg?fit=around|738:738&crop=738:738;*,*&output-format=jpg&output-quality=80"
147,청국장,한식,찌개n전골n국n탕,https://recipe1.ezmember.co.kr/cache/recipe/2019/10/13/e379f27d514f56d4e6757aa2387f315f1.jpg,https://recipe1.ezmember.co.kr/cache/recipe/2018/12/14/aa75d4ce4806ba5f2813be84f2c55ed11.jpg
148,보리밥,한식,비빔밥n돌솥밥n쌈밥,https://d12zq4w4guyljn.cloudfront.net/20201025032908_photo1_62a6a6f89ec3.jpg,https://folkency.nfm.go.kr/upload/img/20190304/20190304123303_t_.jpg
149,만두전골,한식,전골n수육,https://recipe1.ezmember.co.kr/cache/recipe/2015/04/09/8c613f12636be8c6ba21d9ed053a44031.jpg,https://mblogthumb-phinf.pstatic.net/MjAxNzEwMTNfMTYz/MDAxNTA3ODY3ODYzNTc3.oWjVy7fbX_7vxQ9pxD7wrw9bYrSVX3bCouqQFbPJVrQg.zipkmqoIj4rYnEGD3gs2GgzTjfEhgzdcddla86QHf1Yg.JPEG.whwndud7/%EB%A7%8C%EB%91%90%EC%A0%84%EA%B3%A8_01.jpg?type=w2
150,해물탕,한식,해물탕n해물요리,https://recipe1.ezmember.co.kr/cache/recipe/2015/05/12/ea898a405bb0c70828b84b6b3ec464451.jpg,https://recipe1.ezmember.co.kr/cache/recipe/2020/07/10/b608e1b1b331e47bf7975b0343580ead1.jpg
151,짬뽕,중식,중국음식,https://upload.wikimedia.org/wikipedia/commons/b/bb/Jjamppong.jpg,https://recipe1.ezmember.co.kr/cache/recipe/2020/11/28/2c2544a9719cccc3a794efe4ca994cd51.jpg
152,뚝배기,한식,찌개n전골n국n탕,https://ww.namu.la/s/3055cd20635dc8f09824a2f1414895d164710a37c3fa62fde6e6b543110cb836427595b3e1e2ece277ed65c6cf216a9f42c8beed0994b5503bf418d3507678d9d9365a86ac97648e40299f4e5485d743,https://m.jubangoutlet.com/web/product/big/201806/7207_shop1_15295437901493.jpg
153,순대국,한식,순대국,https://sjnfzdfjrjgl1655541.cdn.ntruss.com/goods/3/2020/11/525_tmp_2f70925cfbebf14d13be886e746dd6ff4457view.jpg,https://recipe1.ezmember.co.kr/cache/recipe/2015/11/13/a006c5aea99bb3a3301d940a1dbfde851.jpg
154,돈까스,일식,돈가스,https://recipe1.ezmember.co.kr/cache/recipe/2019/01/12/b9343d314206275c1b6d0d0c4fcc2ce71.jpg,http://th2.tmon.kr/thumbs/image/423/336/e17/1b1492318_700x700_95_FIT.jpg
155,왕만두,한식,분식n브런치,https://mblogthumb-phinf.pstatic.net/MjAxNzAzMTVfMjU0/MDAxNDg5NTUyMjYyMTcx.MsnGtvLHrfhnQPm37vSOGLdojiUEzDJM8erCTHONdmQg.6cISSZuhtrtoIyJQueBhFolUbaa5l1RWZXw9ZbANJ5sg.JPEG.pinkim071/image_8184683871489545109468.jpg?type=w800,https://mblogthumb-phinf.pstatic.net/MjAxNzAzMTVfMjIz/MDAxNDg5NTUyMTc0MDg3.hvXILETv4ZsqcXXS87tT5eTRL5IIJz2w5CyP1sBDHKkg.WGNZR7rYPKLQ-sZYnwAeczReJO3RIQNPc7EKOKtdad4g.JPEG.pinkim071/image_4383977491489545263131.jpg?type=w800
156,내장탕,한식,찌개n전골n국n탕,https://img-cf.kurly.com/shop/data/goodsview/20191202/gv00000070526_1.jpg,https://cdn.imweb.me/thumbnail/20210925/195aded3467f9.jpg
157,잔치국수,한식,라면n칼국수n국수n수제비,https://recipe1.ezmember.co.kr/cache/recipe/2015/10/14/434379c503e37e6964324965a79d3a101.jpg,https://static.wtable.co.kr/image-resize/production/service/recipe/438/16x9/ed2bf141-5342-4804-ac34-6a30fb525b01.jpg
158,해물찜,한식,해물탕n해물요리,https://recipe1.ezmember.co.kr/cache/recipe/2016/12/16/99d6cb0cb6c434b562217f407623c8491.jpg,https://recipe1.ezmember.co.kr/cache/recipe/2019/01/09/200d1ec22968ce8c1839f7ea907c381a1.jpg
159,나주곰탕,한식,설렁탕n곰탕,https://img5.yna.co.kr/etc/inner/KR/2017/04/14/AKR20170414038100805_01_i_P2.jpg,https://mblogthumb-phinf.pstatic.net/MjAxOTA0MTVfNDcg/MDAxNTU1MzE3NzU4Njg1.0rWMRP1QN1QI4LW5SHUxrXRtzxNILifhRx5OHRo4vg4g.ZhOw2djh5zXGS9TDVxKn-y7EsXUc2icH5tCoZpZaDh4g.JPEG.phjsunflower/1.JPG?type=w800
160,김치찌개,한식,찌개n전골n국n탕,https://mblogthumb-phinf.pstatic.net/MjAyMDAxMDZfMjEz/MDAxNTc4MzE2NTc2ODEw.b6IujcsSNNPhBWMs5moOBwSkmkMxZ6EEXy0V8FfBryEg.WPC2CZCowQJSuFfiyipT1Vea8jVr6BGHCdcL6PXVpdQg.PNG.llzzinll/SE-3ffe00fc-a9fb-48a3-89a2-1d0f8a934cef.png?type=w800,https://i.ytimg.com/vi/PH_-nGRatgo/maxresdefault.jpg
161,돌솥밥,한식,비빔밥n돌솥밥n쌈밥,https://recipe1.ezmember.co.kr/cache/recipe/2018/12/13/95155392263ab3bfd91a4d5517ddd4921.jpg,http://www.fsnews.co.kr/news/photo/201801/25319_21708_1118.jpg
162,부대찌개,한식,찌개n전골n국n탕,https://recipe1.ezmember.co.kr/cache/recipe/2018/02/27/b5806f01ccb6f6d5d9aa94bdd6f4287e1.jpg,https://static.wtable.co.kr/image-resize/production/service/recipe/360/16x9/a35f8e69-6874-4cc3-9b55-7a9994390a93.jpg
163,갈비찜,한식,돼지고기류,https://recipe1.ezmember.co.kr/cache/recipe/2019/02/09/9377ac695a85566adfda9817b73438f31.jpg,https://recipe1.ezmember.co.kr/cache/recipe/2016/12/13/0f12719bc6d713fd727d5f1cd65ad6141.jpg
164,피자,양식,피자,https://upload.wikimedia.org/wikipedia/commons/thumb/d/d3/Supreme_pizza.jpg/800px-Supreme_pizza.jpg,https://cdn.dominos.co.kr/admin/upload/goods/20200311_x8StB1t3.jpg
165,곰탕,한식,설렁탕n곰탕,https://recipe1.ezmember.co.kr/cache/recipe/2015/06/08/0a82a8054847196f44ce87700d51904b.jpg,https://cdn.kbmaeil.com/news/photo/201909/827021_848532_325.jpg
166,전가복,중식,중국음식,https://img.siksinhot.com/place/1464571610150530.png,https://t1.daumcdn.net/cfile/blog/2141A13D5822BFB42F
167,양대창,한식,곱창n대창,https://mp-seoul-image-production-s3.mangoplate.com/422930/4192_1591966395405_13184,https://i.ytimg.com/vi/6zInLzhC6oU/maxresdefault.jpg
168,경장육슬,중식,중국음식,https://i.ytimg.com/vi/Aea6KNsfj2M/maxresdefault.jpg,https://mblogthumb-phinf.pstatic.net/MjAxNzA5MjFfMzAw/MDAxNTA1OTYwNTcwNDM5.tvHjdyifLaCleF64_G9l7NMPz4e4uGmN1P_c0g-8oqcg.O-5QrRdd4hBkalu0m1FeuqMTkJTA4inWMcy5gpsxSMMg.JPEG.purcell309/%EA%B2%BD%EC%9E%A5%EC%9C%A1%EC%8A%AC_11-3.jpg?type=w2
169,짜장면,중식,중국음식,https://upload.wikimedia.org/wikipedia/commons/e/e9/Korean.cuisine-Jajangmyeon-01.jpg,http://kormedi.com/wp-content/uploads/2021/10/r658x041.jpg
170,파스타,양식,양식,http://mimage.mujikorea.net/goods/31/13/60/82/4550182143881_N_N_400.jpg,http://allrecipe.net/wp-content/uploads/2021/08/1-36.png
171,스테이크,양식,스테이크,https://sjnfzdfjrjgl1655541.cdn.ntruss.com/goods/3/2021/07/857_tmp_25da9db63027695da220c165d9b9b7692878view.jpg,https://img.huffingtonpost.com/asset/5bf24ac824000060045835ff.jpeg?ops=1778_1000
172,생참치,일식,회,https://cdn.wadiz.kr/ft/images/green001/2019/1001/20191001171231212_68.jpeg/wadiz/format/jpg/quality/80/optimize,https://i.ytimg.com/vi/gRabUqhynn0/maxresdefault.jpg
173,베이징덕,중식,중국음식,https://modo-phinf.pstatic.net/20190313_219/1552444344166Hpn8U_JPEG/mosaeEDC15.jpeg?type=w1100,"https://mp-seoul-image-production-s3.mangoplate.com/222674/230933_1503589069067_230933_1503579418918_92774?fit=around|738:738&crop=738:738;*,*&output-format=jpg&output-quality=80"
174,딤섬,중식,중국음식,https://pds.joongang.co.kr/news/component/htmlphoto_mmdata/200702/htm_20070213102954l000l800-001.JPG,https://pds.joongang.co.kr/news/component/htmlphoto_mmdata/200702/htm_20070213102954l000l800-001.JPG
175,사골우거지탕,한식,찌개n전골n국n탕,https://mblogthumb-phinf.pstatic.net/MjAxNzExMDFfMjc3/MDAxNTA5NDkwMjAwNDkw.pOEjU_cAaaQSaK4staO4DvOt3h0XyoMJNqNGPFVGr9Eg.0obOID-LTiXqpq_INR0-3O0wy8hFzkW808CFYYqd4XEg.JPEG.jsk3514/DSC_1179.JPG?type=w2,https://m.cj.co.kr/images/theKitchen/PHON/0000002205/0000008909/0000002205.jpg
176,찜닭,한식,삼계탕n백숙n찜닭,https://recipe1.ezmember.co.kr/cache/recipe/2017/12/11/8abb7bc5ceede607442029340e1b72011.jpg,https://folkency.nfm.go.kr/upload/img/20190304/20190304164521_t_.jpg
177,한우떡갈비,한식,소고기류,https://recipe1.ezmember.co.kr/cache/recipe/2015/08/24/c609ab21642555f11753a73e1a314356.jpg,https://img.meatbox.co.kr/m/images/itemImage/2020/04/21/13/32/thumb_product_27381_1_20200421133215.jpg
178,간장게장,한식,해물탕n해물요리,https://recipe1.ezmember.co.kr/cache/recipe/2018/06/04/11726b13d3cb7b41cb0373258837d38b1.jpg,https://thingool123.godohosting.com/data/goods/21/06/24/1000021300/1000021300_detail_089.jpg
179,중국냉면,중식,중국음식,"https://mp-seoul-image-production-s3.mangoplate.com/460278_1599669170332915.jpg?fit=around|738:738&crop=738:738;*,*&output-format=jpg&output-quality=80",https://www.kfoodtimes.com/news/photo/202106/16159_27527_3716.png
180,함박스테이크,일식,일본음식,https://static.wtable.co.kr/image-resize/production/service/recipe/279/4x3/eb19d8d9-e970-43fe-93af-50bd93932e7d.jpg,https://recipe1.ezmember.co.kr/cache/recipe/2018/05/09/07fd7907ccbf87b98141ff3a817033581.jpg
181,코돈부르,일식,일본음식,https://mblogthumb-phinf.pstatic.net/MjAxNzEwMTZfMTQx/MDAxNTA4MTQyNTUyNjE4.Xq6Kvsu-_CpyU01SJa36lSqqOxF9yCLEnNS8K5JbaOIg.b5g9OVSIftWnSxWDePfV5jqcex69CETYDrNLCj6Rm00g.JPEG.nong-up/%EC%BD%94%EB%8F%88%EB%B8%94%EB%A3%A8.jpg?type=w800,https://freshdon.com/wp-content/uploads/elementor/thumbs/%EC%BD%94%EB%8F%88%EB%B6%80%EB%A5%B4%EC%B9%98%EC%A6%88%EA%B9%8C%EC%8A%A4-big-p2xr57oxte2z5z6ye6kzmnkqc0ok66bncol6naprp8.jpg
182,퐁듀,양식,분식n브런치,https://m.cj.co.kr/images/theKitchen/PHON/0000002357/0000009961/0000002357.jpg,https://img-cf.kurly.com/shop/data/goodsview/20171128/gv00000012469_1.jpg
183,양갈비,양식,양고기류,https://ppss.kr/wp-content/uploads/2018/01/001-41.jpg,https://cdn.wadiz.kr/wwwwadiz/green001/2020/0304/20200304122852583_59599.jpg/wadiz/format/jpg/quality/80/optimize
184,텐동,일식,일본음식,https://static.wtable.co.kr/image-resize/production/service/recipe/719/1x1/23757871-daf5-4a3d-b6e3-87b0a975f8d8.jpg,https://mp-seoul-image-production-s3.mangoplate.com/mango_pick/umr1b0hwnhxgkt.jpg
185,삼계죽,한식,죽,https://cdn.bonif.co.kr/cmdt/BF101_pic_F5gr6qMf.jpg,https://m.cj.co.kr/images/theKitchen/PHON/0000002421/0000010480/0000002421.jpg
186,카르파쵸,양식,지중해음식,https://recipe1.ezmember.co.kr/cache/recipe/2015/06/08/ec2a3fba845dd666a0d06eb78f450838.jpg,https://recipe1.ezmember.co.kr/cache/recipe/2016/05/13/e1067fa0150eb01aab9e69e226b8cd471.jpg
187,곤드레밥,한식,비빔밥n돌솥밥n쌈밥,https://recipe1.ezmember.co.kr/cache/recipe/2018/02/12/0aca4f6808adffb40e40923c7d5233f61.jpg,https://recipe1.ezmember.co.kr/cache/recipe/2016/07/08/1cfe87edd81eff4776e29826ce9f0eb21.jpg
188,멸치국수,한식,라면n칼국수n국수n수제비,https://recipe1.ezmember.co.kr/cache/recipe/2018/12/26/380fe37d4c85fd9ecf8338f62b79f3961.jpg,https://img.siksinhot.com/place/1533097504709225.jpg
189,돼지주물럭,한식,돼지고기류,https://recipe1.ezmember.co.kr/cache/recipe/2017/09/25/497aa6fd6e863666a3ed0a1870abb3221.jpg,https://recipe1.ezmember.co.kr/cache/recipe/2018/12/13/6f3b81453c58bfb19c5bedb5e8d63cf41.jpg
190,생연어롤,일식,일본음식,https://encrypted-tbn0.gstatic.com/images?q=tbn:ANd9GcRJg_x-za3G8jrps7N-IcQLIiyZggv4LihNWw&usqp=CAU,https://recipe1.ezmember.co.kr/cache/recipe/2015/05/28/b29e8cdecf1efd08c1bd2bdaf628c5b31.jpg
191,케밥,이외,남미요리,https://upload.wikimedia.org/wikipedia/commons/thumb/7/70/Lamb_shish_kebab_-_Ankara.jpg/1200px-Lamb_shish_kebab_-_Ankara.jpg,"https://media.triple.guide/triple-cms/c_limit,f_auto,h_1024,w_1024/6362fe94-5eb3-4e6c-b29e-d970f9c0acee.jpeg"
192,초계국수,한식,라면n칼국수n국수n수제비,https://m.cj.co.kr/images/theKitchen/PHON/0000002154/0000008591/0000002154.jpg,https://recipe1.ezmember.co.kr/cache/recipe/2015/06/08/806a82c7e6f3152a792f3e6b216742d1.jpg
193,돼지고기삼합,한식,돼지고기류,https://recipe1.ezmember.co.kr/cache/recipe/2020/02/18/daf9a7a2d1f82f2e5f61f7bee69a62d51.jpg,http://www.dailypop.kr/news/photo/201608/20222_22223_5630.jpg
194,낙곱전골,한식,전골n수육,https://sjnfzdfjrjgl1655541.cdn.ntruss.com/goods/3/2020/12/565_tmp_eff3cda51214943de9dda11b98e226bb1534view.jpg,https://t1.daumcdn.net/cfile/tistory/99A939335A2CE99C15
195,목살스테이크파니니,양식,스테이크,https://i.ytimg.com/vi/_xH-KBPxUS0/maxresdefault.jpg,https://mblogthumb-phinf.pstatic.net/20141019_5/mhhan71_1413722102347t7Q3W_JPEG/IMG_0293.JPG?type=w2
196,돌솥비빔밥n,한식,비빔밥n돌솥밥n쌈밥,https://recipe1.ezmember.co.kr/cache/recipe/2015/06/01/0467fec40dc5df750f026e7a87b4b1261.jpg,https://upload.wikimedia.org/wikipedia/commons/thumb/f/f5/Korean.food-Bibimbap-02.jpg/200px-Korean.food-Bibimbap-02.jpg
197,냉모밀,일식,일본음식,https://recipe1.ezmember.co.kr/cache/recipe/2017/08/29/28d09e99745e1f11719c2ee69d4222c01.jpg,https://recipe1.ezmember.co.kr/cache/recipe/2017/06/28/d8a6e44a738f63bf2efc2f2b5cfa804e1.jpg
198,매운탕,한식,해물탕n해물요리,https://recipe1.ezmember.co.kr/cache/recipe/2017/03/16/0e5a40c0cebe336b1e53f355391ecc431.jpg,https://blog.kakaocdn.net/dn/dQacZo/btqZty5L0NI/iLAaLLGMN421vXP0hNPAAK/img.jpg
199,어묵,일식,일본음식,https://img-cf.kurly.com/shop/data/goodsview/20201104/gv00000132257_1.jpg,http://thebusanfishcake.com/web/product/big/201808/24a6db147cc7038123693b8575a6f481.jpg
200,메기탕,한식,해물탕n해물요리,https://recipe1.ezmember.co.kr/cache/board/2015/02/12/f1d5cdc36689ea71307edccbc0e28c8a.jpg,https://i.ytimg.com/vi/9VAkNiuiGeQ/maxresdefault.jpg
201,양꼬치,양식,양고기류,"https://mp-seoul-image-production-s3.mangoplate.com/65515_1581550035818886.jpg?fit=around|738:738&crop=738:738;*,*&output-format=jpg&output-quality=80",https://t1.daumcdn.net/cfile/tistory/9964BA415CCB9B3915
202,대나무통밥,한식,비빔밥n돌솥밥n쌈밥,https://blog.kakaocdn.net/dn/RDybu/btrhyjoMJh0/HuizJ2Hq3zfnoJoT3tUfPK/img.jpg,https://recipe1.ezmember.co.kr/cache/recipe/2015/04/09/e638617d290365ff0bbefb4295f229151.jpg
203,순대국밥,한식,해장국n국밥,https://img.siksinhot.com/seeon/1576127988430565.jpeg,https://recipe1.ezmember.co.kr/cache/recipe/2017/10/17/f35eadee8109909a0709e62be3e2e8c31.jpg
204,꽃게탕,한식,해물탕n해물요리,https://recipe1.ezmember.co.kr/cache/recipe/2015/04/22/3f22ecbbd276c60af4f6a89223c3f5551.jpg,https://recipe1.ezmember.co.kr/cache/recipe/2019/03/26/83f307fb2c5610f8d96b90a16139a5f11.jpg
205,석쇠불고기,한식,소고기류,https://contents.sixshop.com/thumbnails/uploadedFiles/72878/product/image_1603447594583_750.jpg,https://openimage.interpark.com/goods_image_big/2/0/3/4/8093982034_l.jpg
206,도가니탕,한식,설렁탕n곰탕,https://i.ytimg.com/vi/4EftmdqOCf0/maxresdefault.jpg,https://recipe1.ezmember.co.kr/cache/recipe/2015/06/08/59f10c204036a392cc35b73c26a0e876.jpg
207,선지국밥,한식,해장국n국밥,https://recipe1.ezmember.co.kr/cache/recipe/2015/08/31/d6864bc5be5a1923d0b86a0b549deeb0.jpg,https://t1.daumcdn.net/cfile/tistory/9944B4455C7743C412
208,아구탕,한식,해물탕n해물요리,https://mblogthumb-phinf.pstatic.net/MjAxOTA0MjZfMTEy/MDAxNTU2MjU3NDQyMDk5.qDj39AbAMUEEsTJ-jKiBK0wKqPQX4s042JueOpCwNBAg.X5zHa8d-9Ifxd-2MymuZ4gZr5Qx9w4JJoGXAV5plQ-Ig.JPEG.whwndud7/%EC%95%84%EA%B7%80%ED%83%95_01.jpg?type=w2,https://recipe1.ezmember.co.kr/cache/recipe/2019/01/02/ab365c3f47186746d5b6b9ac3a1853711.jpg
209,조개구이,한식,해물탕n해물요리,http://seoulplay.co.kr/upfiles/product/3747805210.jpg,https://img9.yna.co.kr/etc/inner/KR/2021/08/19/AKR20210819096400051_01_i_P4.jpg
210,복매운탕,한식,해물탕n해물요리,https://blog.kakaocdn.net/dn/ZVpWO/btqEbuKdF2g/X8Dk8IYwlp87nYTBUokou1/img.jpg,https://image.utoimage.com/preview/cp871385/2019/01/201901016691_500.jpg
211,굴국밥,한식,해장국n국밥,https://recipe1.ezmember.co.kr/cache/recipe/2021/01/10/678c90e20a4f7aa4bc1640454bf82a1b1.jpg,https://mblogthumb-phinf.pstatic.net/MjAxNjEwMzFfNzQg/MDAxNDc3OTA4OTMxMjgw.ip2SpSmPTEavqOpyWOkGTjym92SPQRd7ofl-VfkNs7sg.D9he7-9pExV9MTykNE9hbQxdtHh2sIBijEbCZ9GsjqUg.JPEG.saeragem/%EA%B5%B4%EA%B5%AD%EB%B0%A51.jpg?type=w800
212,막창,한식,곱창n대창,https://img-cf.kurly.com/shop/data/goodsview/20180426/gv10000022154_1.jpg,http://th3.tmon.kr/thumbs/image/dc7/329/a41/50b527398_700x700_95_FIT_1551243335.jpg
213,곱창,한식,곱창n대창,http://gdimg.gmarket.co.kr/1638958859/still/600?ver=1639450670,https://health.chosun.com/site/data/img_dir/2021/01/14/2021011402383_0.jpg
214,육회비빔밥n,한식,비빔밥n돌솥밥n쌈밥,https://recipe1.ezmember.co.kr/cache/recipe/2016/03/25/3ede75ee30d12ad3248de222537244961.jpg,https://cdn.mkhealth.co.kr/news/photo/201910/img_MKH191001005_0.jpg
215,만두,한식,분식n브런치,https://upload.wikimedia.org/wikipedia/commons/0/0c/%EB%A7%8C%EB%91%90.jpg,https://recipe1.ezmember.co.kr/cache/recipe/2021/01/19/1784ab5e32fe5d081db39a8e1f5e02591.jpg
216,홍어삼합,한식,한정식,https://cdn.crowdpic.net/detail-thumb/thumb_d_82B7D896161C3BE6CD945120F1C120D7.jpg,https://t1.daumcdn.net/cfile/tistory/030511425198874F25
217,충무김밥,한식,분식n브런치,https://recipe1.ezmember.co.kr/cache/recipe/2019/03/11/b29f392a06deaa0f6cbcc860d1afa11b1.jpg,https://recipe1.ezmember.co.kr/cache/recipe/2015/04/17/285507dbf828db0c5dee9f16623421e91.jpg
218,복국,한식,찌개n전골n국n탕,http://db.kookje.co.kr/news2000/photo/2019/0620/L20190620.22023008747i1.jpg,https://www.kfoodtimes.com/news/photo/202008/12658_23074_613.png
219,해물칼국수,한식,라면n칼국수n국수n수제비,https://recipe1.ezmember.co.kr/cache/recipe/2015/06/08/3feb9e89be9c5a82081dfac85f5faf23.jpg,https://t1.daumcdn.net/cfile/blog/2368CE4758199DF70C
220,생태탕,한식,해물탕n해물요리,https://recipe1.ezmember.co.kr/cache/recipe/2017/03/01/33cb72ebff1871c822f87571664413fd1.jpg,http://img.segye.com/content/image/2019/02/12/20190212574092.jpg
221,단호박오리구이,한식,오리고기류,https://recipe1.ezmember.co.kr/cache/recipe/2015/04/03/539f43ac636d3d13db58e2bb1709db5e1.jpg,https://recipe1.ezmember.co.kr/cache/recipe/2017/07/11/ae849d6286f7e3c036a1f4e77d4b8acc1_m.jpg
222,산채비빔밥,한식,비빔밥n돌솥밥n쌈밥,https://www.kfoodtimes.com/news/photo/201711/4105_6340_1713.PNG,https://www.hongcheon.go.kr/site/tour/images/contents/cts1927_img1.jpg
223,꽃게찜,한식,해물탕n해물요리,https://recipe1.ezmember.co.kr/cache/recipe/2020/09/09/82e790ea90acd950c25d5abe6b8c20641.jpg,https://recipe1.ezmember.co.kr/cache/recipe/2016/10/05/8bc6d1a5c1964a1d386ee538e76f35b21.jpg
224,오리바베큐,한식,오리고기류,https://recipe1.ezmember.co.kr/cache/recipe/2019/07/27/86c41bd41c5d62f909778fab3d3442531.jpg,https://post-phinf.pstatic.net/MjAxODA3MjRfMjcy/MDAxNTMyMzk2OTE3OTQ5.4hlAfJpNYQwN8Ethyk8ouOImwDBsOdcmWqS0dao0EO8g.LHdH6DHmJQoD5ZOl0Jupr9jrz4cIhNHx9QAeDXmD9IYg.JPEG/%ED%98%B8%EC%84%B8%EC%95%BC-1%EC%98%A4%EB%A6%AC%EC%9E%A5%EC%9E%91%EB%B0%94%EB%B2%A0%ED%81%90.jpg?type=w1200
225,물회,한식,회,https://recipe1.ezmember.co.kr/cache/recipe/2018/11/25/248c5c537f02d69039e78be2dc0d66241.jpg,https://m.yorivery.com/data/goods/21/07/27//1000001108/1000001108_detail_037.jpg
226,옻닭,한식,삼계탕n백숙n찜닭,https://health.chosun.com/site/data/img_dir/2021/03/29/2021032901487_0.jpg,https://cdn.mkhealth.co.kr/news/photo/202103/52511_53392_5545.jpg
227,콩나물국밥,한식,해장국n국밥,https://recipe1.ezmember.co.kr/cache/recipe/2018/12/10/35e82c5f7dddf837acfb92a4911fd7101.jpg,https://recipe1.ezmember.co.kr/cache/recipe/2019/05/02/7340b2100463d1e6116dda4ac5388a271.jpg
228,회덮밥,한식,회,https://recipe1.ezmember.co.kr/cache/recipe/2016/02/17/3b7000de04251fc683a622cbeea8c6f51.jpg,https://recipe1.ezmember.co.kr/cache/recipe/2016/07/15/e6b26f06d55333ace4f5a7fe08d3ba811.jpg
229,굴밥,한식,해물탕n해물요리,https://recipe1.ezmember.co.kr/cache/recipe/2017/11/30/f5b07085bb8341cdbabd9c8ce2a496ca1.jpg,https://recipe1.ezmember.co.kr/cache/recipe/2018/12/10/267dfaa35b48c5678c674822b03d065e1.jpg
230,낚지볶음,한식,철판구이n볶음밥,https://recipe1.ezmember.co.kr/cache/recipe/2020/12/31/42265d97b42a9ce98c35757abbebd9a01.jpg,https://cloudfront.haemukja.com/vh.php?url=https://d1hk7gw6lgygff.cloudfront.net/uploads/direction/image_file/14613/pad_thumb_______.PNG&convert=jpgmin&rt=600
231,등뼈찜,한식,돼지고기류,https://recipe1.ezmember.co.kr/cache/recipe/2017/03/05/bc8de32ba9f5d7e34780d1de6c3d83cf1.jpg,https://recipe1.ezmember.co.kr/cache/recipe/2020/09/12/79c5d2ec9d4858225416a69eb5cf3eca1.jpg
232,오겹살,한식,돼지고기류,http://img.danawa.com/prod_img/500000/928/768/img/5768928_1.jpg?shrink=330:330&_v=20210113101000,https://s3.ap-northeast-2.amazonaws.com/meesig/v3/prod/image/item/main/299/9b3099b9ef1b447ab16d2af3d26497e620170601155659
233,항정살,한식,돼지고기류,https://www.ghostfreshmart.com/wp-content/uploads/2020/05/%ED%95%AD%EC%A0%95%EC%82%B4.jpg,https://cdn.cashfeed.co.kr/attachments/546f2b2818.jpg
234,된장찌개,한식,찌개n전골n국n탕,https://recipe1.ezmember.co.kr/cache/recipe/2016/06/08/24c312f82313faaf1e4d5ef98761efcb1.jpg,https://recipe1.ezmember.co.kr/cache/recipe/2018/08/14/ca8647124a4536b5dad3007a58181b7c1.jpg
235,필라프,양식,양식,https://recipe1.ezmember.co.kr/cache/recipe/2015/10/23/5232a3687a5417b22811ed1b7d9baf7b1.jpg,https://upload.wikimedia.org/wikipedia/commons/e/e9/Bulgur_pilav%C4%B1.JPG
236,산낙지볶음,한식,철판구이n볶음밥,https://mblogthumb-phinf.pstatic.net/20150216_120/osunnyday_1424062301758n8NKO_JPEG/SAM_0161.jpg?type=w2,https://t1.daumcdn.net/cfile/tistory/9904DB4F5C2CF7E002
237,모듬순대,한식,분식n브런치,https://imagescdn.gettyimagesbank.com/500/201709/jv10979852.jpg,http://imagescdn.gettyimagesbank.com/500/201708/a10969043.jpg
238,순두부찌개,한식,찌개n전골n국n탕,https://recipe1.ezmember.co.kr/cache/recipe/2017/12/27/edd739fdab97c72b3a2bf9cd812daf671.jpg,https://blog.kakaocdn.net/dn/c6J5mW/btqOMpKvlrE/KuGMNF8VB0eNRokUv8lxZk/img.png
239,양곱창,한식,곱창n대창,http://cdn.gimhaenews.co.kr/news/photo/201207/4280_6308_450.jpg,https://img.siksinhot.com/place/1519480312746833.jpg?w=307&h=300&c=Y
240,재첩국,한식,찌개n전골n국n탕,https://recipe1.ezmember.co.kr/cache/recipe/2015/05/15/95ec50f8e31b8f4a6de858d9498eb4a71.jpg,https://recipe1.ezmember.co.kr/cache/recipe/2020/04/15/68df0720ad226a661583c69199aa44871.jpg
241,메밀비빕밥,한식,비빔밥n돌솥밥n쌈밥,https://t1.daumcdn.net/cfile/tistory/99A557395E685C220A,https://www.kocis.go.kr/CONTENTS/editImage/20180207185833268_1.jpg
242,황태구이,한식,한정식,https://recipe1.ezmember.co.kr/cache/recipe/2017/06/04/d4f5859ab41c5264a18e0842cb82efbe1.jpg,https://recipe1.ezmember.co.kr/cache/recipe/2017/01/14/54bf187b815679eec5e9c23b09190ac81.jpg
243,소바,일식,일본음식,http://dalimjuk.com/web/product/big/202104/45d88d542fd600d70019c1c345c714ea.jpg,http://th2.tmon.kr/thumbs/image/ca2/57d/7c0/d048e7ed1_700x700_95_FIT.jpg
244,알탕,한식,해물탕n해물요리,https://recipe1.ezmember.co.kr/cache/recipe/2016/08/26/2ac20d2f97567f8e4ce6a9f8f04040f81.jpg,https://mblogthumb-phinf.pstatic.net/20140219_62/dew36_1392765516486JTRwY_JPEG/1.jpg?type=w2
245,복수육,한식,해물탕n해물요리,https://mblogthumb-phinf.pstatic.net/MjAyMTAyMTlfOTcg/MDAxNjEzNzM1NTM2NDc2.n-JsCVduJTz-q6xZ3qbGYevxZ7jMXwnIXSB0tj28cekg.Ybwe55hALvzxVOLWTXu7Z5sivpjF6mrKJDxudB2GPu4g.JPEG.tayalight/20210209%EF%BC%BF183901.jpg?type=w800,https://www.sk5.co.kr/img_src/s600/1228//12280077.jpg
246,양평해장국,한식,해장국n국밥,https://mblogthumb-phinf.pstatic.net/MjAxODAzMjNfMjQy/MDAxNTIxODEzNzUzNzU1.qwqZDIsq3ttMOgsUrc16edG4MnrSgKOKoAB55KlF1BIg.t1T9zEUyVrQ3z-Ook8DBsfeN2D5hZovstkpFrfnCcUcg.JPEG.0114977635/image_7184931111521812741578.jpg?type=w800,https://img.siksinhot.com/place/1520996037948057.jpg?w=307&h=300&c=Y
247,언양불고기,한식,소고기류,https://mblogthumb-phinf.pstatic.net/MjAxOTEyMjVfMTMg/MDAxNTc3MjQ4MjE1MzIx.Bp4CjkhtmYJz41BFt_g48qtYz2LRlhJjSOvPDP5mr1og.Vr6wLZcfm3Zjo93ztfJDn4ILzOb2rnvmnxH2krGhQxQg.JPEG.phjsunflower/1.JPG?type=w800,https://t1.daumcdn.net/cfile/tistory/993C493F5BFF80A809
248,소내장탕,한식,찌개n전골n국n탕,https://img-cf.kurly.com/shop/data/goodsview/20191202/gv00000070526_1.jpg,https://cdn.imweb.me/thumbnail/20210925/195aded3467f9.jpg
249,메기찜,한식,해물탕n해물요리,http://resources.fourfree.com/fhome/cook/5552/1327806183.jpg,http://m.junginfood.com/file_data/junginfood01/2020/12/29/fe57a8f65269eb7684eebb8415a4916b.jpg
250,모밀국수,일식,라면n칼국수n국수n수제비,https://recipe1.ezmember.co.kr/cache/recipe/2017/07/25/2e956f8217b643fef8b94370dfd6ceda1.jpg,https://t1.daumcdn.net/liveboard/dailylife/fd4a16c058ca4b30abe33c53709e59ac.jpg
251,불고기전골,한식,전골n수육,https://recipe1.ezmember.co.kr/cache/recipe/2018/02/14/9e2f62258d0409f43d1b2b6a7a986c521.jpg,https://recipe1.ezmember.co.kr/cache/recipe/2017/09/11/4a7f1f8154651de6911066e6a98954c61.jpg
252,주꾸미덮밥,한식,철판구이n볶음밥,https://static.wtable.co.kr/image/production/service/recipe/598/2e3fc53a-a95c-43f8-8a8a-197bb9601339.jpg,https://m.cj.co.kr/images/theKitchen/PHON/0000002379/0000010127/0000002379.jpg
253,연잎밥,한식,비빔밥n돌솥밥n쌈밥,https://recipe1.ezmember.co.kr/cache/recipe/2015/06/01/646b3b11e4e3ec4628455146bfcd48fe1.jpg,http://nongsarang.co.kr/shopimages/cepa5678/0100070001702.jpg?1594976599
254,쫄복탕,한식,해물탕n해물요리,https://mblogthumb-phinf.pstatic.net/MjAyMDA4MTFfMjA4/MDAxNTk3MTE0OTU1OTY4.8qjgeWqk-88GUBj4SDleBr34UbWf4bRIEpdWhNxGYC4g.RC48dMr-FUmMd4NYglDl4BPLZe-moFXE_YpOURsMVWIg.JPEG.mike8283/20200728_181755.jpg?type=w800,http://ojsfile.ohmynews.com/STD_IMG_FILE/2016/0428/IE001955917_STD.JPG
255,전복죽,한식,죽,https://recipe1.ezmember.co.kr/cache/recipe/2018/07/10/4258a33b05b7f1db4440cae38585fc851.jpg,https://recipe1.ezmember.co.kr/cache/recipe/2016/01/20/29b03a58ac6542a81e5a411ed5e9cd611.jpg
256,재첩회,한식,회,https://img-cf.kurly.com/shop/data/goodsview/20200629/gv10000104130_1.jpg,https://mblogthumb-phinf.pstatic.net/20160415_295/suhyup_nf_1460685327220zwitw_JPEG/%C0%E7%C3%B8%C8%B8%B9%AB%C4%A7_%BF%CF%BC%BA_%285%29.JPG?type=w2
257,은어밥,한식,비빔밥n돌솥밥n쌈밥,https://pds.joongang.co.kr//news/component/htmlphoto_mmdata/201708/28/557d4dd0-5f43-4c39-b83a-1ea32883ed46.jpg,https://pds.joongang.co.kr//news/component/htmlphoto_mmdata/201708/28/da1549cc-cb18-4d11-9d59-2ad2e9139869.jpg
258,재첩회무침,한식,한정식,https://cdn.gjdream.com/news/photo/old/news/contents/UPFILE/2009/2009111279938.jpg,https://mblogthumb-phinf.pstatic.net/20160415_295/suhyup_nf_1460685327220zwitw_JPEG/%C0%E7%C3%B8%C8%B8%B9%AB%C4%A7_%BF%CF%BC%BA_%285%29.JPG?type=w2
259,생선정식,한식,한정식,http://doksanseongfood.com/files/attach/images/212/670/b907ec1fe136b8b5d2aea9e6f60bb944.jpg,https://post-phinf.pstatic.net/MjAxODAyMjhfMjM4/MDAxNTE5ODAyODk5MzM4.KBQUUcGUKeaQinOe45Ch0q_oq8I7y-EuWvrNumACfiAg.mjxTNTJMoRrJ1FSteNoJyynSLEwc8vcwN1FRlxidIzcg.JPEG/thumnail_%EC%83%9D%EC%84%A0%EA%B5%AC%EC%9D%B4.jpg?type=w1200
260,우럭찜,한식,해물탕n해물요리,https://recipe1.ezmember.co.kr/cache/recipe/2016/09/27/03785904edd9819e59739af0950b64c51.jpg,https://www.menupan.com/common/service/img_proxy.asp?src=http%3A%2F%2Fpostfiles3.naver.net%2F20160420_82%2Fachim03_1461139643812ymJi0_JPEG%2FIMG_0086.JPG%3Ftype%3Dw1
261,새싹비빔밥n,한식,비빔밥n돌솥밥n쌈밥,https://recipe1.ezmember.co.kr/cache/recipe/2016/06/08/09739a85d4424a41bda162dbea7c5a0e1.jpg,https://recipe1.ezmember.co.kr/cache/recipe/2015/09/15/9f0a9db90ad6092d00d14f7c150baac2.jpg
262,흑돼지구이,한식,돼지고기류,https://images.chosun.com/resizer/umQ3TQRqopb5ByqDXmZUs1inxOk=/464x0/smart/cloudfront-ap-northeast-1.images.arcpublishing.com/chosun/KO4M52NE3VC5FHLZCMH26QIXUI.jpg,https://post-phinf.pstatic.net/MjAxODEwMzFfMjUw/MDAxNTQwOTQxNTQwMzUw.n4wmrsznPUxFIgBVsRH2O2vHphTHxciF2qkQaHR0S5og.ojlRZ1SGyBKeAudK-vjZynIwhxJPURjSnNymTXcWZh4g.JPEG/337.jpg?type=w1200
263,낙곱새,한식,철판구이n볶음밥,https://static.wtable.co.kr/image-resize/production/service/recipe/644/4x3/12827380-2e03-4abd-b75c-6493029c4d0f.jpg,http://farmtt100bs.hgodo.com/gd5replace/pympym12/data/editor/goods/190808/1_170700.jpg
264,막국수,한식,라면n칼국수n국수n수제비,https://cdn.pixabay.com/photo/2019/09/30/03/07/buckwheat-subtitles-chinese-4514719__480.jpg,https://sjnfzdfjrjgl1655541.cdn.ntruss.com/goods/3/2021/11/1071_tmp_980111fb1151a9a9dd1d896dfa1b8dfc4164view.jpg
265,복지리,한식,해물탕n해물요리,https://recipe1.ezmember.co.kr/cache/recipe/2016/05/10/9fe3344e1d3529844fdcffee004d4a571.jpg,https://cdn.hellodd.com/news/photo/201803/64317_craw1.jpg
266,한방백숙,한식,삼계탕n백숙n찜닭,https://imagescdn.gettyimagesbank.com/500/201709/a10973692.jpg,https://imagescdn.gettyimagesbank.com/500/201709/a10988814.jpg
267,누룽지백숙,한식,삼계탕n백숙n찜닭,https://recipe1.ezmember.co.kr/cache/recipe/2020/06/24/5c33c452dfb8dc8a4ad22c1ae910f7c81.jpg,https://recipe1.ezmember.co.kr/cache/recipe/2017/10/25/37544228169fa4be25bdf699c1ee75561.jpg
268,고르곤졸라피자,양식,피자,https://recipe1.ezmember.co.kr/cache/recipe/2020/12/14/57beb3903c041fcf95e36e2019e3f5841.jpg,https://recipe1.ezmember.co.kr/cache/recipe/2015/09/14/a9a1edcd30d74c2d93fe79c5c04eb8291.jpg
269,찜갈비,한식,돼지고기류,https://m.yorivery.com/data/goods/18/08/32/1000000383/1000000383_add3_086.jpg,https://recipe1.ezmember.co.kr/cache/recipe/2017/10/25/22bddc4def4bef20f5d5f702b033424a1.jpg
270,에스카르고,양식,양식,https://mblogthumb-phinf.pstatic.net/20130923_207/islandtake_1379909112339FbgAu_PNG/11.PNG?type=w2,https://t1.daumcdn.net/liveboard/kurly/9390055359604b2f8bc83da90434043d.JPG
271,브리스킷플래터,양식,스테이크,https://blog.kakaocdn.net/dn/drKHS8/btqDeTQisKR/aWAYOxUl7WKakPzaPo4vik/img.jpg,https://www.onlmenu.com/data/editor/2004/thumb-f9bc00a02fbe1d3876c2237afb8a3e69_1586164336_7083_835x657.jpg
272,만디,이외,이슬람음식,https://upload.wikimedia.org/wikipedia/commons/f/fe/Mandi.PNG,https://mblogthumb-phinf.pstatic.net/20131109_250/hellohabibi_1383932683237d84GL_JPEG/KakaoTalk_90ca0039ec2742f6.jpg?type=w2
273,만사프,이외,이슬람음식,https://upload.wikimedia.org/wikipedia/commons/thumb/9/99/%D8%B3%D8%AF%D8%B1_%D9%85%D9%86%D8%B3%D9%81_01.jpg/1200px-%D8%B3%D8%AF%D8%B1_%D9%85%D9%86%D8%B3%D9%81_01.jpg,https://www.windsortour.co.kr/images/area_img/JO/AMM/JOAMM3400512_0005.jpg?CMD=resize&width=100%
274,나베,일식,일본음식,https://sjnfzdfjrjgl1655541.cdn.ntruss.com/goods/3/2019/07/145_tmp_f7c8f96eb1c66d3e1381d4b53400033a3540view.jpg,https://recipe1.ezmember.co.kr/cache/recipe/2019/03/13/6b7e33ca54a41aa445777e19d437649b1.jpg
275,파히타,양식,양식,https://upload.wikimedia.org/wikipedia/commons/thumb/f/f9/Flickr_elisart_324248450--Beef_and_chicken_fajitas.jpg/1200px-Flickr_elisart_324248450--Beef_and_chicken_fajitas.jpg,https://encrypted-tbn0.gstatic.com/images?q=tbn:ANd9GcQFC4T7GLUcmGJZnRBcd3Zdegm4Umk8gHl3fg&usqp=CAU
276,우육탕,한식,설렁탕n곰탕,http://image.nongshim.com/non/pro/1597305362478.jpg,http://img.danawa.com/prod_img/500000/371/245/img/1245371_1.jpg?shrink=330:330&_v=20220208181038
277,똠얌꿍,이외,동남아요리,https://ww.namu.la/s/11e7ac401b6f08b14486173c6266aedb92d070d3d8d062b80b4d3ae8c6296ca00613993fdf9e4f04535e68db8a68a28c7f81283dc495cc824e50ef07a8dd1cf237450fee44704ae1f060128033491a4c,http://homecuisine.co.kr/files/attach/images/142/175/026/a83a2f6bbc089b7032ec8ad583b21374.JPG
278,타르타르,양식,양식,https://www.newiki.net/w/images/thumb/5/50/Steak_tartare.jpg/1200px-Steak_tartare.jpg,https://mblogthumb-phinf.pstatic.net/MjAxODA3MjNfMjkx/MDAxNTMyMzIzOTgzMzMx.glw6ne6FggPXfyFPceK2xZ_UV6GrfomjRLpul5XxyOUg.uVw3pjzA0QWj-nDZVQmlm9Wb4BIsS6P7_McgeGAGMz8g.JPEG.chunje0/%ED%83%80%EB%A5%B4%ED%83%80%EB%A5%B4_%EC%8A%A4%ED%85%8C%EC%9D%B4%ED%81%AC.jpg?type=w800
279,피쉬앤칩스,양식,양식,https://upload.wikimedia.org/wikipedia/commons/6/6c/TillysTavernFish.JPG,https://d3b39vpyptsv01.cloudfront.net/photo/1/2/90c770fca1e5f1001f9f61d765494ffb.jpg
280,나초,양식,남미요리,https://upload.wikimedia.org/wikipedia/commons/thumb/8/87/Nachos-cheese.jpg/1200px-Nachos-cheese.jpg,https://file.mk.co.kr/mkde/N0/2013/12/201312200313001181154.jpg
281,크로켓,분식,분식n브런치,https://recipe1.ezmember.co.kr/cache/recipe/2018/01/12/0904fe15ab050031f8da0a291a575a1d1.jpg,https://recipe1.ezmember.co.kr/cache/recipe/2015/04/18/5f38b08440fd4d18cfb612175ce29e251.jpg
282,프렌치프라이,분식,양식,https://pds.joins.com/news/component/htmlphoto_mmdata/201412/11/htm_2014121113444320102011.jpg,https://pds.joongang.co.kr/news/component/htmlphoto_mmdata/201903/19/dc523e41-514c-438e-ae28-a73c108cb5c4.jpg
283,폭립,양식,스테이크,https://recipe1.ezmember.co.kr/cache/recipe/2017/05/29/6d1e54a394696dff473b4f0367c476b51.jpg,https://static.wtable.co.kr/image/production/service/recipe/364/c92a83ca-82aa-4329-a254-86d2670bfb16.jpg
284,비프부르기뇽,양식,양식,https://mingles-dev.s3.ap-northeast-2.amazonaws.com/uploads/mingle/main_image/127/detail_93023565_l.jpg,https://static.wtable.co.kr/image/production/service/recipe/1738/7452ff71-303d-495e-afaf-ba79ff0ebc52.jpg
285,춘권,중식,중국음식,https://phoebescafe.com/wp-content/uploads/2021/04/roll681.jpg,https://recipe1.ezmember.co.kr/cache/recipe/2015/08/10/03e361e0721816a4fb43aed8aa60056a.jpg
286,사모사,이외,인도음식,https://upload.wikimedia.org/wikipedia/commons/b/b2/Chamu%C3%A7as.jpg,https://mblogthumb-phinf.pstatic.net/20160915_110/abwlzjf86_1473938072897lSf8e_JPEG/se3_image_3765453810.jpg?type=w800
